semana;pdv;produto;quantidade
2;3149404500704696584;347520348779130794;2
2;3149404500704696584;3835536973828145451;3
2;3149404500704696584;3887105201496752751;2
2;3149404500704696584;9044725212433043997;2
2;3149404500704696584;8275181357437864705;2
2;3149404500704696584;1860061817666925715;2
2;3149404500704696584;6719658691829190571;2
2;3149404500704696584;4872583472354874832;4
2;3149404500704696584;5529506438344915116;1
2;3149404500704696584;5852154530988519815;1
2;3149404500704696584;5474460683042756805;2
2;3149404500704696584;7208566483193826646;1
2;3149404500704696584;2777480352243393897;2
2;3149404500704696584;6404300001043393359;1
2;3149404500704696584;26379855007166517;1
2;3149404500704696584;6416577388566874702;1
2;3149404500704696584;959317400596387314;1
2;3149404500704696584;4040509988492387426;3
2;3149404500704696584;3894706280449257667;1
2;3149404500704696584;1657665165780983454;3
2;3149404500704696584;819652267660746406;3
2;3149404500704696584;6641579232767647477;2
2;3149404500704696584;5120165716026667928;1
2;3149404500704696584;5215637234721378381;1
2;3149404500704696584;1085359296765146304;1
2;3149404500704696584;4950786435639807238;1
2;3149404500704696584;2958115939110601639;3
2;3149404500704696584;2678811684662146235;1
2;3149404500704696584;4413822679491157923;2
2;3149404500704696584;2110875768038469912;1
2;3149404500704696584;5691135100585682448;1
2;3149404500704696584;8864925188279236638;1
2;3149404500704696584;4240185897530825786;3
2;3149404500704696584;4971325293581283782;2
2;3149404500704696584;5677318587127346173;2
2;3149404500704696584;2120799115839400862;2
2;3149404500704696584;1155871899594394627;1
2;3149404500704696584;8988637221428669939;1
2;3149404500704696584;7196360456326107781;4
2;3149404500704696584;1201594281387648185;3
2;3149404500704696584;1085687032950723886;1
2;3149404500704696584;1532487856615257223;1
2;3149404500704696584;4976804173352834852;2
2;3149404500704696584;2804507621844128621;2
2;3149404500704696584;3009890673712227472;2
2;3149404500704696584;8352471677482341950;3
2;3149404500704696584;3965996009832298069;3
2;3149404500704696584;5645002264939911240;2
2;3149404500704696584;6729461696174282543;1
2;3149404500704696584;6302511835575765427;2
2;3149404500704696584;6140372732119068315;1
2;8170073040636698084;347520348779130794;2
2;8170073040636698084;3835536973828145451;3
2;8170073040636698084;3887105201496752751;2
2;8170073040636698084;9044725212433043997;2
2;8170073040636698084;8275181357437864705;2
2;8170073040636698084;1860061817666925715;2
2;8170073040636698084;6719658691829190571;2
2;8170073040636698084;4872583472354874832;4
2;8170073040636698084;5529506438344915116;1
2;8170073040636698084;5852154530988519815;1
2;8170073040636698084;5474460683042756805;2
2;8170073040636698084;7208566483193826646;1
2;8170073040636698084;2777480352243393897;2
2;8170073040636698084;6404300001043393359;1
2;8170073040636698084;26379855007166517;1
2;8170073040636698084;6416577388566874702;1
2;8170073040636698084;959317400596387314;2
2;8170073040636698084;4040509988492387426;3
2;8170073040636698084;3894706280449257667;1
2;8170073040636698084;1657665165780983454;3
2;8170073040636698084;819652267660746406;3
2;8170073040636698084;6641579232767647477;2
2;8170073040636698084;5120165716026667928;1
2;8170073040636698084;5215637234721378381;1
2;8170073040636698084;1085359296765146304;1
2;8170073040636698084;4950786435639807238;1
2;8170073040636698084;2958115939110601639;3
2;8170073040636698084;2678811684662146235;1
2;8170073040636698084;4413822679491157923;2
2;8170073040636698084;2110875768038469912;1
2;8170073040636698084;5691135100585682448;1
2;8170073040636698084;8864925188279236638;1
2;8170073040636698084;4240185897530825786;4
2;8170073040636698084;4971325293581283782;2
2;8170073040636698084;5677318587127346173;3
2;8170073040636698084;2120799115839400862;2
2;8170073040636698084;1155871899594394627;1
2;8170073040636698084;8988637221428669939;1
2;8170073040636698084;7196360456326107781;4
2;8170073040636698084;1201594281387648185;3
2;8170073040636698084;1085687032950723886;1
2;8170073040636698084;1532487856615257223;1
2;8170073040636698084;4976804173352834852;3
2;8170073040636698084;2804507621844128621;2
2;8170073040636698084;3009890673712227472;2
2;8170073040636698084;8352471677482341950;4
2;8170073040636698084;3965996009832298069;3
2;8170073040636698084;5645002264939911240;2
2;8170073040636698084;6729461696174282543;1
2;8170073040636698084;6302511835575765427;2
2;8170073040636698084;6140372732119068315;1
2;7174985213642085860;347520348779130794;2
2;7174985213642085860;3835536973828145451;4
2;7174985213642085860;3887105201496752751;2
2;7174985213642085860;9044725212433043997;3
2;7174985213642085860;8275181357437864705;2
2;7174985213642085860;1860061817666925715;2
2;7174985213642085860;6719658691829190571;2
2;7174985213642085860;4872583472354874832;5
2;7174985213642085860;5529506438344915116;1
2;7174985213642085860;5600461029645435035;1
2;7174985213642085860;5852154530988519815;1
2;7174985213642085860;4097223800359795077;1
2;7174985213642085860;5474460683042756805;2
2;7174985213642085860;7208566483193826646;1
2;7174985213642085860;5095470288472512385;1
2;7174985213642085860;2777480352243393897;3
2;7174985213642085860;6404300001043393359;1
2;7174985213642085860;26379855007166517;1
2;7174985213642085860;6416577388566874702;2
2;7174985213642085860;959317400596387314;2
2;7174985213642085860;4040509988492387426;4
2;7174985213642085860;3894706280449257667;2
2;7174985213642085860;1657665165780983454;4
2;7174985213642085860;819652267660746406;4
2;7174985213642085860;6641579232767647477;3
2;7174985213642085860;7538453731331109842;1
2;7174985213642085860;5120165716026667928;1
2;7174985213642085860;5215637234721378381;1
2;7174985213642085860;1085359296765146304;1
2;7174985213642085860;4950786435639807238;2
2;7174985213642085860;6705165274451860504;1
2;7174985213642085860;2958115939110601639;4
2;7174985213642085860;2678811684662146235;2
2;7174985213642085860;4413822679491157923;3
2;7174985213642085860;2110875768038469912;1
2;7174985213642085860;5691135100585682448;1
2;7174985213642085860;8864925188279236638;2
2;7174985213642085860;4240185897530825786;5
2;7174985213642085860;273773558676642674;1
2;7174985213642085860;4971325293581283782;2
2;7174985213642085860;1962963430662589558;1
2;7174985213642085860;5677318587127346173;3
2;7174985213642085860;2120799115839400862;3
2;7174985213642085860;1155871899594394627;1
2;7174985213642085860;8988637221428669939;2
2;7174985213642085860;7196360456326107781;5
2;7174985213642085860;1201594281387648185;4
2;7174985213642085860;1085687032950723886;1
2;7174985213642085860;3278510150933226765;1
2;7174985213642085860;1532487856615257223;1
2;7174985213642085860;4976804173352834852;3
2;7174985213642085860;2804507621844128621;3
2;7174985213642085860;3009890673712227472;3
2;7174985213642085860;8352471677482341950;5
2;7174985213642085860;3965996009832298069;4
2;7174985213642085860;5645002264939911240;2
2;7174985213642085860;6729461696174282543;1
2;7174985213642085860;6302511835575765427;3
2;7174985213642085860;6140372732119068315;1
3;7174985213642085860;347520348779130794;2
3;7174985213642085860;3835536973828145451;4
3;7174985213642085860;3887105201496752751;2
3;7174985213642085860;9044725212433043997;3
3;7174985213642085860;8275181357437864705;2
3;7174985213642085860;1860061817666925715;3
3;7174985213642085860;6719658691829190571;2
3;7174985213642085860;4872583472354874832;5
3;7174985213642085860;5529506438344915116;1
3;7174985213642085860;5600461029645435035;1
3;7174985213642085860;5852154530988519815;2
3;7174985213642085860;4097223800359795077;1
3;7174985213642085860;5474460683042756805;2
3;7174985213642085860;7208566483193826646;1
3;7174985213642085860;5095470288472512385;1
3;7174985213642085860;2777480352243393897;3
3;7174985213642085860;6404300001043393359;1
3;7174985213642085860;26379855007166517;1
3;7174985213642085860;6416577388566874702;2
3;7174985213642085860;959317400596387314;2
3;7174985213642085860;4040509988492387426;4
3;7174985213642085860;3894706280449257667;2
3;7174985213642085860;1657665165780983454;4
3;7174985213642085860;819652267660746406;4
3;7174985213642085860;6641579232767647477;3
3;7174985213642085860;7538453731331109842;1
3;7174985213642085860;5120165716026667928;1
3;7174985213642085860;5215637234721378381;2
3;7174985213642085860;1085359296765146304;1
3;7174985213642085860;4950786435639807238;2
3;7174985213642085860;6705165274451860504;1
3;7174985213642085860;2958115939110601639;4
3;7174985213642085860;2678811684662146235;2
3;7174985213642085860;4413822679491157923;3
3;7174985213642085860;2110875768038469912;1
3;7174985213642085860;5691135100585682448;1
3;7174985213642085860;8864925188279236638;2
3;7174985213642085860;4240185897530825786;5
3;7174985213642085860;273773558676642674;1
3;7174985213642085860;4971325293581283782;2
3;7174985213642085860;1962963430662589558;1
3;7174985213642085860;5677318587127346173;3
3;7174985213642085860;2120799115839400862;3
3;7174985213642085860;1155871899594394627;1
3;7174985213642085860;8988637221428669939;2
3;7174985213642085860;7196360456326107781;5
3;7174985213642085860;1201594281387648185;4
3;7174985213642085860;1085687032950723886;2
3;7174985213642085860;3278510150933226765;1
3;7174985213642085860;1532487856615257223;1
3;7174985213642085860;4976804173352834852;3
3;7174985213642085860;2804507621844128621;3
3;7174985213642085860;3009890673712227472;3
3;7174985213642085860;8352471677482341950;5
3;7174985213642085860;3965996009832298069;4
3;7174985213642085860;5645002264939911240;2
3;7174985213642085860;6729461696174282543;1
3;7174985213642085860;6302511835575765427;3
3;7174985213642085860;6140372732119068315;1
2;5897632903511352674;347520348779130794;2
2;5897632903511352674;3835536973828145451;4
2;5897632903511352674;3887105201496752751;2
2;5897632903511352674;9044725212433043997;3
2;5897632903511352674;8275181357437864705;2
2;5897632903511352674;1860061817666925715;2
2;5897632903511352674;6719658691829190571;2
2;5897632903511352674;4872583472354874832;5
2;5897632903511352674;5529506438344915116;1
2;5897632903511352674;5600461029645435035;1
2;5897632903511352674;5852154530988519815;1
2;5897632903511352674;4097223800359795077;1
2;5897632903511352674;5474460683042756805;2
2;5897632903511352674;7208566483193826646;1
2;5897632903511352674;5095470288472512385;1
2;5897632903511352674;2777480352243393897;3
2;5897632903511352674;6404300001043393359;1
2;5897632903511352674;26379855007166517;1
2;5897632903511352674;6416577388566874702;2
2;5897632903511352674;959317400596387314;2
2;5897632903511352674;4040509988492387426;4
2;5897632903511352674;3894706280449257667;2
2;5897632903511352674;1657665165780983454;4
2;5897632903511352674;819652267660746406;4
2;5897632903511352674;6641579232767647477;3
2;5897632903511352674;7538453731331109842;1
2;5897632903511352674;5120165716026667928;1
2;5897632903511352674;5215637234721378381;1
2;5897632903511352674;1085359296765146304;1
2;5897632903511352674;4950786435639807238;2
2;5897632903511352674;6705165274451860504;1
2;5897632903511352674;2958115939110601639;4
2;5897632903511352674;2678811684662146235;2
2;5897632903511352674;4413822679491157923;3
2;5897632903511352674;2110875768038469912;1
2;5897632903511352674;5691135100585682448;1
2;5897632903511352674;8864925188279236638;2
2;5897632903511352674;4240185897530825786;5
2;5897632903511352674;273773558676642674;1
2;5897632903511352674;4971325293581283782;2
2;5897632903511352674;1962963430662589558;1
2;5897632903511352674;5677318587127346173;3
2;5897632903511352674;2120799115839400862;3
2;5897632903511352674;1155871899594394627;1
2;5897632903511352674;8988637221428669939;2
2;5897632903511352674;7196360456326107781;5
2;5897632903511352674;1201594281387648185;4
2;5897632903511352674;1085687032950723886;1
2;5897632903511352674;3278510150933226765;1
2;5897632903511352674;1532487856615257223;1
2;5897632903511352674;4976804173352834852;3
2;5897632903511352674;2804507621844128621;3
2;5897632903511352674;3009890673712227472;3
2;5897632903511352674;8352471677482341950;5
2;5897632903511352674;3965996009832298069;4
2;5897632903511352674;5645002264939911240;2
2;5897632903511352674;6729461696174282543;1
2;5897632903511352674;6302511835575765427;3
2;5897632903511352674;6140372732119068315;1
2;1358792977874154306;347520348779130794;2
2;1358792977874154306;3835536973828145451;4
2;1358792977874154306;3887105201496752751;2
2;1358792977874154306;9044725212433043997;3
2;1358792977874154306;8275181357437864705;2
2;1358792977874154306;1860061817666925715;2
2;1358792977874154306;6719658691829190571;2
2;1358792977874154306;4872583472354874832;4
2;1358792977874154306;5529506438344915116;1
2;1358792977874154306;5600461029645435035;1
2;1358792977874154306;5852154530988519815;1
2;1358792977874154306;4097223800359795077;1
2;1358792977874154306;5474460683042756805;2
2;1358792977874154306;7208566483193826646;1
2;1358792977874154306;5095470288472512385;1
2;1358792977874154306;2777480352243393897;3
2;1358792977874154306;6404300001043393359;1
2;1358792977874154306;26379855007166517;1
2;1358792977874154306;6416577388566874702;1
2;1358792977874154306;959317400596387314;2
2;1358792977874154306;4040509988492387426;4
2;1358792977874154306;3894706280449257667;1
2;1358792977874154306;1657665165780983454;4
2;1358792977874154306;819652267660746406;4
2;1358792977874154306;6641579232767647477;3
2;1358792977874154306;5120165716026667928;1
2;1358792977874154306;5215637234721378381;1
2;1358792977874154306;1085359296765146304;1
2;1358792977874154306;4950786435639807238;2
2;1358792977874154306;2958115939110601639;3
2;1358792977874154306;2678811684662146235;1
2;1358792977874154306;4413822679491157923;3
2;1358792977874154306;2110875768038469912;1
2;1358792977874154306;5691135100585682448;1
2;1358792977874154306;8864925188279236638;2
2;1358792977874154306;4240185897530825786;4
2;1358792977874154306;273773558676642674;1
2;1358792977874154306;4971325293581283782;2
2;1358792977874154306;5677318587127346173;3
2;1358792977874154306;2120799115839400862;3
2;1358792977874154306;1155871899594394627;1
2;1358792977874154306;8988637221428669939;2
2;1358792977874154306;7196360456326107781;4
2;1358792977874154306;1201594281387648185;4
2;1358792977874154306;1085687032950723886;1
2;1358792977874154306;3278510150933226765;1
2;1358792977874154306;1532487856615257223;1
2;1358792977874154306;4976804173352834852;3
2;1358792977874154306;2804507621844128621;2
2;1358792977874154306;3009890673712227472;2
2;1358792977874154306;8352471677482341950;4
2;1358792977874154306;3965996009832298069;4
2;1358792977874154306;5645002264939911240;2
2;1358792977874154306;6729461696174282543;1
2;1358792977874154306;6302511835575765427;2
2;1358792977874154306;6140372732119068315;1
2;5378608275538407280;3182475916267245243;1
2;5378608275538407280;1945441189337094568;4
2;5378608275538407280;2342408005945915339;2
2;5378608275538407280;1938760505411922162;6
2;5378608275538407280;3262679882836704514;1
2;5378608275538407280;1817941783712727866;2
2;5378608275538407280;6562521907333808722;6
2;5378608275538407280;4623814317972718932;3
2;5378608275538407280;3989268060881301217;1
2;5378608275538407280;959317400596387314;4
2;5378608275538407280;6311761748909165835;6
2;5378608275538407280;2866058112054092230;1
2;5378608275538407280;8625590539951587748;1
2;5378608275538407280;1657665165780983454;1
2;5378608275538407280;3965996009832298069;8
2;5378608275538407280;1288112997726060694;2
2;5378608275538407280;7629138479184041110;1
2;5378608275538407280;7350020708653452865;3
2;5378608275538407280;3143677808758291483;2
2;5378608275538407280;7057460733743199434;2
2;5378608275538407280;2419248540347052477;1
2;5378608275538407280;7074389177330376051;1
2;5378608275538407280;867840300045715287;4
2;5378608275538407280;2120799115839400862;5
2;5378608275538407280;276160893702497877;8
2;5378608275538407280;1365593048279029595;3
2;5378608275538407280;977091058156188070;1
2;5378608275538407280;9158358945329890575;1
2;5378608275538407280;2666921781366219869;6
2;5378608275538407280;6813552187259171341;3
2;5378608275538407280;592299723092924130;1
2;5378608275538407280;4712765193587670929;4
2;5378608275538407280;5742666670015106791;4
2;5378608275538407280;6878785115723980851;1
2;5378608275538407280;6334750440340409713;1
2;5077327874228029971;483099300493974830;1
2;5077327874228029971;1915930522577773480;1
2;5077327874228029971;1860061817666925715;1
2;5077327874228029971;1938760505411922162;1
2;5077327874228029971;8352471677482341950;1
2;5077327874228029971;911904729756805259;1
2;5077327874228029971;7350020708653452865;1
2;5077327874228029971;542758314702436663;1
2;5077327874228029971;4364537037583110812;1
2;5077327874228029971;4040509988492387426;1
2;5077327874228029971;3143677808758291483;1
2;5077327874228029971;6311761748909165835;1
2;5077327874228029971;7517313155772199014;1
2;5077327874228029971;8140805446672726031;1
2;5077327874228029971;1763152755499955057;1
2;5077327874228029971;5527435643913038410;1
2;5077327874228029971;4067386943107221998;1
2;5077327874228029971;7029448080469668619;1
2;5077327874228029971;2137299631507474345;1
2;5077327874228029971;1023598837563683985;1
2;5077327874228029971;6044926971943328985;1
2;5077327874228029971;6358449271208655162;1
2;5077327874228029971;5742666670015106791;1
2;5077327874228029971;8174625658473329985;1
2;5077327874228029971;4439123428195264029;1
2;5077327874228029971;1586689322276564072;1
2;5077327874228029971;2991404611635187316;1
2;5077327874228029971;1371936917923350372;1
2;5077327874228029971;5331417724957017710;1
2;5077327874228029971;3368455017897305514;1
2;5077327874228029971;1029370090212151375;1
2;5077327874228029971;6577415548613671992;1
2;5077327874228029971;7871778702535050683;1
2;5077327874228029971;4451855961536069898;1
2;5077327874228029971;3596956073628858290;1
2;5077327874228029971;8428775239049194235;1
2;5077327874228029971;155658824621799697;1
2;5077327874228029971;92981460668338652;1
2;5077327874228029971;921948861470602071;1
2;1194636340739726889;9019802457804156922;1
2;1194636340739726889;4040509988492387426;1
2;1194636340739726889;8625590539951587748;1
2;1194636340739726889;3965996009832298069;1
2;1194636340739726889;7678019052439345509;1
2;1194636340739726889;7629138479184041110;1
2;1194636340739726889;9158358945329890575;1
2;1194636340739726889;5742666670015106791;1
2;1194636340739726889;1938760505411922162;1
2;1194636340739726889;1657665165780983454;1
2;1194636340739726889;1371936917923350372;1
2;1194636340739726889;2804507621844128621;1
2;1194636340739726889;4929516441471068727;1
2;1194636340739726889;4067386943107221998;1
2;1194636340739726889;8864925188279236638;1
2;1194636340739726889;4412079497580730737;1
2;1194636340739726889;2666921781366219869;1
2;1194636340739726889;7066053223823202154;1
2;1194636340739726889;6890229014330961093;1
2;1194636340739726889;1860061817666925715;1
2;1194636340739726889;4753184063521042015;1
2;1194636340739726889;1288112997726060694;1
2;1194636340739726889;4098058333001424920;1
2;1194636340739726889;1023598837563683985;1
2;1194636340739726889;8174625658473329985;1
2;1194636340739726889;3262679882836704514;1
2;1194636340739726889;8352471677482341950;1
2;1194636340739726889;3143677808758291483;1
2;1194636340739726889;2777480352243393897;1
2;1194636340739726889;1029370090212151375;1
2;1194636340739726889;6311761748909165835;1
2;1194636340739726889;4623814317972718932;1
2;1194636340739726889;5173598744971387825;1
2;1194636340739726889;9036639434778896273;1
2;1194636340739726889;2137299631507474345;1
2;1194636340739726889;92981460668338652;1
3;5077327874228029971;483099300493974830;1
3;5077327874228029971;1915930522577773480;1
3;5077327874228029971;282273457492323833;1
3;5077327874228029971;1860061817666925715;1
3;5077327874228029971;1938760505411922162;1
3;5077327874228029971;8352471677482341950;1
3;5077327874228029971;911904729756805259;1
3;5077327874228029971;7350020708653452865;1
3;5077327874228029971;542758314702436663;1
3;5077327874228029971;4364537037583110812;1
3;5077327874228029971;4040509988492387426;1
3;5077327874228029971;3143677808758291483;1
3;5077327874228029971;6311761748909165835;1
3;5077327874228029971;7517313155772199014;1
3;5077327874228029971;4570990416883844242;1
3;5077327874228029971;8140805446672726031;1
3;5077327874228029971;1763152755499955057;1
3;5077327874228029971;5527435643913038410;1
3;5077327874228029971;4067386943107221998;1
3;5077327874228029971;7029448080469668619;1
3;5077327874228029971;2137299631507474345;1
3;5077327874228029971;1023598837563683985;1
3;5077327874228029971;6044926971943328985;1
3;5077327874228029971;6358449271208655162;1
3;5077327874228029971;5742666670015106791;1
3;5077327874228029971;8174625658473329985;1
3;5077327874228029971;4439123428195264029;1
3;5077327874228029971;1586689322276564072;1
3;5077327874228029971;2991404611635187316;1
3;5077327874228029971;1371936917923350372;1
3;5077327874228029971;5331417724957017710;1
3;5077327874228029971;3368455017897305514;1
3;5077327874228029971;1029370090212151375;1
3;5077327874228029971;6577415548613671992;1
3;5077327874228029971;7871778702535050683;1
3;5077327874228029971;4451855961536069898;1
3;5077327874228029971;3596956073628858290;1
3;5077327874228029971;8428775239049194235;1
3;5077327874228029971;155658824621799697;1
3;5077327874228029971;3179406644425037175;1
3;5077327874228029971;92981460668338652;1
3;5077327874228029971;921948861470602071;1
4;5077327874228029971;483099300493974830;1
4;5077327874228029971;1915930522577773480;1
4;5077327874228029971;1860061817666925715;1
4;5077327874228029971;1938760505411922162;1
4;5077327874228029971;8352471677482341950;1
4;5077327874228029971;911904729756805259;1
4;5077327874228029971;7350020708653452865;1
4;5077327874228029971;542758314702436663;1
4;5077327874228029971;4364537037583110812;1
4;5077327874228029971;4040509988492387426;1
4;5077327874228029971;3143677808758291483;1
4;5077327874228029971;6311761748909165835;1
4;5077327874228029971;7517313155772199014;1
4;5077327874228029971;8140805446672726031;1
4;5077327874228029971;1763152755499955057;1
4;5077327874228029971;5527435643913038410;1
4;5077327874228029971;4067386943107221998;1
4;5077327874228029971;7029448080469668619;1
4;5077327874228029971;2137299631507474345;1
4;5077327874228029971;1023598837563683985;1
4;5077327874228029971;6044926971943328985;1
4;5077327874228029971;6358449271208655162;1
4;5077327874228029971;5742666670015106791;1
4;5077327874228029971;8174625658473329985;1
4;5077327874228029971;4439123428195264029;1
4;5077327874228029971;1586689322276564072;1
4;5077327874228029971;2991404611635187316;1
4;5077327874228029971;1371936917923350372;1
4;5077327874228029971;5331417724957017710;1
4;5077327874228029971;3368455017897305514;1
4;5077327874228029971;1029370090212151375;1
4;5077327874228029971;6577415548613671992;1
4;5077327874228029971;7871778702535050683;1
4;5077327874228029971;4451855961536069898;1
4;5077327874228029971;3596956073628858290;1
4;5077327874228029971;8428775239049194235;1
4;5077327874228029971;155658824621799697;1
4;5077327874228029971;3179406644425037175;1
4;5077327874228029971;92981460668338652;1
4;5077327874228029971;921948861470602071;1
1;541000079711085607;347520348779130794;2
1;541000079711085607;3835536973828145451;4
1;541000079711085607;3887105201496752751;2
1;541000079711085607;9044725212433043997;3
1;541000079711085607;8275181357437864705;2
1;541000079711085607;1860061817666925715;2
1;541000079711085607;6719658691829190571;2
1;541000079711085607;4872583472354874832;5
1;541000079711085607;5529506438344915116;1
1;541000079711085607;5600461029645435035;1
1;541000079711085607;5852154530988519815;1
1;541000079711085607;4097223800359795077;1
1;541000079711085607;5474460683042756805;2
1;541000079711085607;7208566483193826646;1
1;541000079711085607;5095470288472512385;1
1;541000079711085607;2777480352243393897;3
1;541000079711085607;6404300001043393359;1
1;541000079711085607;26379855007166517;1
1;541000079711085607;6416577388566874702;2
1;541000079711085607;959317400596387314;2
1;541000079711085607;4040509988492387426;4
1;541000079711085607;3894706280449257667;2
1;541000079711085607;1657665165780983454;4
1;541000079711085607;819652267660746406;4
1;541000079711085607;6641579232767647477;3
1;541000079711085607;7538453731331109842;1
1;541000079711085607;5120165716026667928;1
1;541000079711085607;5215637234721378381;1
1;541000079711085607;1085359296765146304;1
1;541000079711085607;4950786435639807238;2
1;541000079711085607;6705165274451860504;1
1;541000079711085607;2958115939110601639;4
1;541000079711085607;2678811684662146235;2
1;541000079711085607;4413822679491157923;3
1;541000079711085607;2110875768038469912;1
1;541000079711085607;5691135100585682448;1
1;541000079711085607;8864925188279236638;2
1;541000079711085607;4240185897530825786;5
1;541000079711085607;273773558676642674;1
1;541000079711085607;4971325293581283782;2
1;541000079711085607;1962963430662589558;1
1;541000079711085607;5677318587127346173;3
1;541000079711085607;2120799115839400862;3
1;541000079711085607;1155871899594394627;1
1;541000079711085607;8988637221428669939;2
1;541000079711085607;7196360456326107781;5
1;541000079711085607;1201594281387648185;4
1;541000079711085607;1085687032950723886;1
1;541000079711085607;3278510150933226765;1
1;541000079711085607;1532487856615257223;1
1;541000079711085607;4976804173352834852;3
1;541000079711085607;2804507621844128621;3
1;541000079711085607;3009890673712227472;3
1;541000079711085607;8352471677482341950;5
1;541000079711085607;3965996009832298069;4
1;541000079711085607;5645002264939911240;2
1;541000079711085607;6729461696174282543;1
1;541000079711085607;6302511835575765427;3
1;541000079711085607;6140372732119068315;1
1;5551505227605992976;347520348779130794;2
1;5551505227605992976;3835536973828145451;4
1;5551505227605992976;3887105201496752751;2
1;5551505227605992976;9044725212433043997;3
1;5551505227605992976;8275181357437864705;2
1;5551505227605992976;1860061817666925715;2
1;5551505227605992976;6719658691829190571;2
1;5551505227605992976;4872583472354874832;5
1;5551505227605992976;5529506438344915116;1
1;5551505227605992976;5600461029645435035;1
1;5551505227605992976;5852154530988519815;1
1;5551505227605992976;4097223800359795077;1
1;5551505227605992976;5474460683042756805;2
1;5551505227605992976;7208566483193826646;1
1;5551505227605992976;5095470288472512385;1
1;5551505227605992976;2777480352243393897;3
1;5551505227605992976;6404300001043393359;1
1;5551505227605992976;26379855007166517;1
1;5551505227605992976;6416577388566874702;2
1;5551505227605992976;959317400596387314;2
1;5551505227605992976;4040509988492387426;4
1;5551505227605992976;3894706280449257667;2
1;5551505227605992976;1657665165780983454;4
1;5551505227605992976;819652267660746406;4
1;5551505227605992976;6641579232767647477;3
1;5551505227605992976;7538453731331109842;1
1;5551505227605992976;5120165716026667928;1
1;5551505227605992976;5215637234721378381;1
1;5551505227605992976;1085359296765146304;1
1;5551505227605992976;4950786435639807238;2
1;5551505227605992976;6705165274451860504;1
1;5551505227605992976;2958115939110601639;4
1;5551505227605992976;2678811684662146235;2
1;5551505227605992976;4413822679491157923;3
1;5551505227605992976;2110875768038469912;1
1;5551505227605992976;5691135100585682448;1
1;5551505227605992976;8864925188279236638;2
1;5551505227605992976;4240185897530825786;5
1;5551505227605992976;273773558676642674;1
1;5551505227605992976;4971325293581283782;2
1;5551505227605992976;1962963430662589558;1
1;5551505227605992976;5677318587127346173;3
1;5551505227605992976;2120799115839400862;3
1;5551505227605992976;1155871899594394627;1
1;5551505227605992976;8988637221428669939;2
1;5551505227605992976;7196360456326107781;5
1;5551505227605992976;1201594281387648185;4
1;5551505227605992976;1085687032950723886;1
1;5551505227605992976;3278510150933226765;1
1;5551505227605992976;1532487856615257223;1
1;5551505227605992976;4976804173352834852;3
1;5551505227605992976;2804507621844128621;3
1;5551505227605992976;3009890673712227472;3
1;5551505227605992976;8352471677482341950;5
1;5551505227605992976;3965996009832298069;4
1;5551505227605992976;5645002264939911240;2
1;5551505227605992976;6729461696174282543;1
1;5551505227605992976;6302511835575765427;3
1;5551505227605992976;6140372732119068315;1
2;541000079711085607;347520348779130794;2
2;541000079711085607;3835536973828145451;4
2;541000079711085607;3887105201496752751;2
2;541000079711085607;9044725212433043997;3
2;541000079711085607;8275181357437864705;2
2;541000079711085607;1860061817666925715;2
2;541000079711085607;6719658691829190571;2
2;541000079711085607;4872583472354874832;4
2;541000079711085607;5529506438344915116;1
2;541000079711085607;5600461029645435035;1
2;541000079711085607;5852154530988519815;1
2;541000079711085607;4097223800359795077;1
2;541000079711085607;5474460683042756805;2
2;541000079711085607;7208566483193826646;1
2;541000079711085607;5095470288472512385;1
2;541000079711085607;2777480352243393897;3
2;541000079711085607;6404300001043393359;1
2;541000079711085607;26379855007166517;1
2;541000079711085607;6416577388566874702;1
2;541000079711085607;959317400596387314;2
2;541000079711085607;4040509988492387426;4
2;541000079711085607;3894706280449257667;1
2;541000079711085607;1657665165780983454;4
2;541000079711085607;819652267660746406;4
2;541000079711085607;6641579232767647477;3
2;541000079711085607;5120165716026667928;1
2;541000079711085607;5215637234721378381;1
2;541000079711085607;1085359296765146304;1
2;541000079711085607;4950786435639807238;2
2;541000079711085607;2958115939110601639;3
2;541000079711085607;2678811684662146235;1
2;541000079711085607;4413822679491157923;3
2;541000079711085607;2110875768038469912;1
2;541000079711085607;5691135100585682448;1
2;541000079711085607;8864925188279236638;2
2;541000079711085607;4240185897530825786;4
2;541000079711085607;273773558676642674;1
2;541000079711085607;4971325293581283782;2
2;541000079711085607;5677318587127346173;3
2;541000079711085607;2120799115839400862;3
2;541000079711085607;1155871899594394627;1
2;541000079711085607;8988637221428669939;2
2;541000079711085607;7196360456326107781;4
2;541000079711085607;1201594281387648185;4
2;541000079711085607;1085687032950723886;1
2;541000079711085607;3278510150933226765;1
2;541000079711085607;1532487856615257223;1
2;541000079711085607;4976804173352834852;3
2;541000079711085607;2804507621844128621;2
2;541000079711085607;3009890673712227472;2
2;541000079711085607;8352471677482341950;4
2;541000079711085607;3965996009832298069;4
2;541000079711085607;5645002264939911240;2
2;541000079711085607;6729461696174282543;1
2;541000079711085607;6302511835575765427;2
2;541000079711085607;6140372732119068315;1
2;5551505227605992976;347520348779130794;2
2;5551505227605992976;3835536973828145451;4
2;5551505227605992976;3887105201496752751;2
2;5551505227605992976;9044725212433043997;3
2;5551505227605992976;8275181357437864705;2
2;5551505227605992976;1860061817666925715;2
2;5551505227605992976;6719658691829190571;2
2;5551505227605992976;4872583472354874832;5
2;5551505227605992976;5529506438344915116;1
2;5551505227605992976;5600461029645435035;1
2;5551505227605992976;5852154530988519815;1
2;5551505227605992976;4097223800359795077;1
2;5551505227605992976;5474460683042756805;2
2;5551505227605992976;7208566483193826646;1
2;5551505227605992976;5095470288472512385;1
2;5551505227605992976;2777480352243393897;3
2;5551505227605992976;6404300001043393359;1
2;5551505227605992976;26379855007166517;1
2;5551505227605992976;6416577388566874702;2
2;5551505227605992976;959317400596387314;2
2;5551505227605992976;4040509988492387426;4
2;5551505227605992976;3894706280449257667;2
2;5551505227605992976;1657665165780983454;4
2;5551505227605992976;819652267660746406;4
2;5551505227605992976;6641579232767647477;3
2;5551505227605992976;7538453731331109842;1
2;5551505227605992976;5120165716026667928;1
2;5551505227605992976;5215637234721378381;1
2;5551505227605992976;1085359296765146304;1
2;5551505227605992976;4950786435639807238;2
2;5551505227605992976;6705165274451860504;1
2;5551505227605992976;2958115939110601639;4
2;5551505227605992976;2678811684662146235;2
2;5551505227605992976;4413822679491157923;3
2;5551505227605992976;2110875768038469912;1
2;5551505227605992976;5691135100585682448;1
2;5551505227605992976;8864925188279236638;2
2;5551505227605992976;4240185897530825786;5
2;5551505227605992976;273773558676642674;1
2;5551505227605992976;4971325293581283782;2
2;5551505227605992976;1962963430662589558;1
2;5551505227605992976;5677318587127346173;3
2;5551505227605992976;2120799115839400862;3
2;5551505227605992976;1155871899594394627;1
2;5551505227605992976;8988637221428669939;2
2;5551505227605992976;7196360456326107781;5
2;5551505227605992976;1201594281387648185;4
2;5551505227605992976;1085687032950723886;1
2;5551505227605992976;3278510150933226765;1
2;5551505227605992976;1532487856615257223;1
2;5551505227605992976;4976804173352834852;3
2;5551505227605992976;2804507621844128621;3
2;5551505227605992976;3009890673712227472;3
2;5551505227605992976;8352471677482341950;5
2;5551505227605992976;3965996009832298069;4
2;5551505227605992976;5645002264939911240;2
2;5551505227605992976;6729461696174282543;1
2;5551505227605992976;6302511835575765427;3
2;5551505227605992976;6140372732119068315;1
3;5551505227605992976;347520348779130794;2
3;5551505227605992976;3835536973828145451;4
3;5551505227605992976;3887105201496752751;2
3;5551505227605992976;9044725212433043997;3
3;5551505227605992976;8275181357437864705;2
3;5551505227605992976;1860061817666925715;3
3;5551505227605992976;6719658691829190571;2
3;5551505227605992976;4872583472354874832;5
3;5551505227605992976;5529506438344915116;1
3;5551505227605992976;5600461029645435035;1
3;5551505227605992976;5852154530988519815;2
3;5551505227605992976;4097223800359795077;1
3;5551505227605992976;5474460683042756805;2
3;5551505227605992976;7208566483193826646;1
3;5551505227605992976;5095470288472512385;1
3;5551505227605992976;2777480352243393897;3
3;5551505227605992976;6404300001043393359;1
3;5551505227605992976;26379855007166517;1
3;5551505227605992976;6416577388566874702;2
3;5551505227605992976;959317400596387314;2
3;5551505227605992976;4040509988492387426;4
3;5551505227605992976;3894706280449257667;2
3;5551505227605992976;1657665165780983454;4
3;5551505227605992976;819652267660746406;4
3;5551505227605992976;6641579232767647477;3
3;5551505227605992976;7538453731331109842;1
3;5551505227605992976;5120165716026667928;1
3;5551505227605992976;5215637234721378381;2
3;5551505227605992976;1085359296765146304;1
3;5551505227605992976;4950786435639807238;2
3;5551505227605992976;6705165274451860504;1
3;5551505227605992976;2958115939110601639;4
3;5551505227605992976;2678811684662146235;2
3;5551505227605992976;4413822679491157923;3
3;5551505227605992976;2110875768038469912;1
3;5551505227605992976;5691135100585682448;1
3;5551505227605992976;8864925188279236638;2
3;5551505227605992976;4240185897530825786;5
3;5551505227605992976;273773558676642674;1
3;5551505227605992976;4971325293581283782;2
3;5551505227605992976;1962963430662589558;1
3;5551505227605992976;5677318587127346173;3
3;5551505227605992976;2120799115839400862;3
3;5551505227605992976;1155871899594394627;1
3;5551505227605992976;8988637221428669939;2
3;5551505227605992976;7196360456326107781;5
3;5551505227605992976;1201594281387648185;4
3;5551505227605992976;1085687032950723886;2
3;5551505227605992976;3278510150933226765;1
3;5551505227605992976;1532487856615257223;1
3;5551505227605992976;4976804173352834852;3
3;5551505227605992976;2804507621844128621;3
3;5551505227605992976;3009890673712227472;3
3;5551505227605992976;8352471677482341950;5
3;5551505227605992976;3965996009832298069;4
3;5551505227605992976;5645002264939911240;2
3;5551505227605992976;6729461696174282543;1
3;5551505227605992976;6302511835575765427;3
3;5551505227605992976;6140372732119068315;1
4;5551505227605992976;347520348779130794;2
4;5551505227605992976;3835536973828145451;4
4;5551505227605992976;3887105201496752751;2
4;5551505227605992976;9044725212433043997;3
4;5551505227605992976;8275181357437864705;2
4;5551505227605992976;1860061817666925715;2
4;5551505227605992976;6719658691829190571;2
4;5551505227605992976;4872583472354874832;5
4;5551505227605992976;5529506438344915116;1
4;5551505227605992976;5600461029645435035;1
4;5551505227605992976;5852154530988519815;2
4;5551505227605992976;4097223800359795077;1
4;5551505227605992976;5474460683042756805;2
4;5551505227605992976;7208566483193826646;1
4;5551505227605992976;5095470288472512385;1
4;5551505227605992976;2777480352243393897;3
4;5551505227605992976;6404300001043393359;1
4;5551505227605992976;26379855007166517;1
4;5551505227605992976;6416577388566874702;2
4;5551505227605992976;959317400596387314;2
4;5551505227605992976;4040509988492387426;4
4;5551505227605992976;3894706280449257667;2
4;5551505227605992976;1657665165780983454;4
4;5551505227605992976;819652267660746406;4
4;5551505227605992976;6641579232767647477;3
4;5551505227605992976;7538453731331109842;1
4;5551505227605992976;5120165716026667928;1
4;5551505227605992976;5215637234721378381;2
4;5551505227605992976;1085359296765146304;1
4;5551505227605992976;4950786435639807238;2
4;5551505227605992976;6705165274451860504;1
4;5551505227605992976;2958115939110601639;4
4;5551505227605992976;2678811684662146235;2
4;5551505227605992976;4413822679491157923;3
4;5551505227605992976;2110875768038469912;1
4;5551505227605992976;5691135100585682448;1
4;5551505227605992976;8864925188279236638;2
4;5551505227605992976;4240185897530825786;5
4;5551505227605992976;273773558676642674;1
4;5551505227605992976;4971325293581283782;2
4;5551505227605992976;1962963430662589558;1
4;5551505227605992976;5677318587127346173;3
4;5551505227605992976;2120799115839400862;3
4;5551505227605992976;1155871899594394627;1
4;5551505227605992976;8988637221428669939;2
4;5551505227605992976;7196360456326107781;5
4;5551505227605992976;1201594281387648185;4
4;5551505227605992976;1085687032950723886;1
4;5551505227605992976;3278510150933226765;1
4;5551505227605992976;1532487856615257223;1
4;5551505227605992976;4976804173352834852;3
4;5551505227605992976;2804507621844128621;3
4;5551505227605992976;3009890673712227472;3
4;5551505227605992976;8352471677482341950;5
4;5551505227605992976;3965996009832298069;4
4;5551505227605992976;5645002264939911240;2
4;5551505227605992976;6729461696174282543;1
4;5551505227605992976;6302511835575765427;3
4;5551505227605992976;6140372732119068315;1
2;436389359422277345;347520348779130794;2
2;436389359422277345;3835536973828145451;4
2;436389359422277345;3887105201496752751;2
2;436389359422277345;9044725212433043997;3
2;436389359422277345;8275181357437864705;2
2;436389359422277345;1860061817666925715;2
2;436389359422277345;6719658691829190571;2
2;436389359422277345;4872583472354874832;4
2;436389359422277345;5529506438344915116;1
2;436389359422277345;5600461029645435035;1
2;436389359422277345;5852154530988519815;1
2;436389359422277345;4097223800359795077;1
2;436389359422277345;5474460683042756805;2
2;436389359422277345;7208566483193826646;1
2;436389359422277345;5095470288472512385;1
2;436389359422277345;2777480352243393897;3
2;436389359422277345;6404300001043393359;1
2;436389359422277345;26379855007166517;1
2;436389359422277345;6416577388566874702;1
2;436389359422277345;959317400596387314;2
2;436389359422277345;4040509988492387426;4
2;436389359422277345;3894706280449257667;1
2;436389359422277345;1657665165780983454;4
2;436389359422277345;819652267660746406;4
2;436389359422277345;6641579232767647477;3
2;436389359422277345;5120165716026667928;1
2;436389359422277345;5215637234721378381;1
2;436389359422277345;1085359296765146304;1
2;436389359422277345;4950786435639807238;2
2;436389359422277345;2958115939110601639;3
2;436389359422277345;2678811684662146235;1
2;436389359422277345;4413822679491157923;3
2;436389359422277345;2110875768038469912;1
2;436389359422277345;5691135100585682448;1
2;436389359422277345;8864925188279236638;2
2;436389359422277345;4240185897530825786;4
2;436389359422277345;273773558676642674;1
2;436389359422277345;4971325293581283782;2
2;436389359422277345;5677318587127346173;3
2;436389359422277345;2120799115839400862;3
2;436389359422277345;1155871899594394627;1
2;436389359422277345;8988637221428669939;2
2;436389359422277345;7196360456326107781;4
2;436389359422277345;1201594281387648185;4
2;436389359422277345;1085687032950723886;1
2;436389359422277345;3278510150933226765;1
2;436389359422277345;1532487856615257223;1
2;436389359422277345;4976804173352834852;3
2;436389359422277345;2804507621844128621;2
2;436389359422277345;3009890673712227472;2
2;436389359422277345;8352471677482341950;4
2;436389359422277345;3965996009832298069;4
2;436389359422277345;5645002264939911240;2
2;436389359422277345;6729461696174282543;1
2;436389359422277345;6302511835575765427;2
2;436389359422277345;6140372732119068315;1
2;5155725950101564387;347520348779130794;2
2;5155725950101564387;3835536973828145451;4
2;5155725950101564387;3887105201496752751;2
2;5155725950101564387;9044725212433043997;3
2;5155725950101564387;8275181357437864705;2
2;5155725950101564387;1860061817666925715;2
2;5155725950101564387;6719658691829190571;2
2;5155725950101564387;4872583472354874832;4
2;5155725950101564387;5529506438344915116;1
2;5155725950101564387;5600461029645435035;1
2;5155725950101564387;5852154530988519815;1
2;5155725950101564387;4097223800359795077;1
2;5155725950101564387;5474460683042756805;2
2;5155725950101564387;7208566483193826646;1
2;5155725950101564387;5095470288472512385;1
2;5155725950101564387;2777480352243393897;3
2;5155725950101564387;6404300001043393359;1
2;5155725950101564387;26379855007166517;1
2;5155725950101564387;6416577388566874702;1
2;5155725950101564387;959317400596387314;2
2;5155725950101564387;4040509988492387426;4
2;5155725950101564387;3894706280449257667;1
2;5155725950101564387;1657665165780983454;4
2;5155725950101564387;819652267660746406;4
2;5155725950101564387;6641579232767647477;3
2;5155725950101564387;5120165716026667928;1
2;5155725950101564387;5215637234721378381;1
2;5155725950101564387;1085359296765146304;1
2;5155725950101564387;4950786435639807238;2
2;5155725950101564387;2958115939110601639;3
2;5155725950101564387;2678811684662146235;1
2;5155725950101564387;4413822679491157923;3
2;5155725950101564387;2110875768038469912;1
2;5155725950101564387;5691135100585682448;1
2;5155725950101564387;8864925188279236638;2
2;5155725950101564387;4240185897530825786;4
2;5155725950101564387;273773558676642674;1
2;5155725950101564387;4971325293581283782;2
2;5155725950101564387;5677318587127346173;3
2;5155725950101564387;2120799115839400862;3
2;5155725950101564387;1155871899594394627;1
2;5155725950101564387;8988637221428669939;2
2;5155725950101564387;7196360456326107781;4
2;5155725950101564387;1201594281387648185;4
2;5155725950101564387;1085687032950723886;1
2;5155725950101564387;3278510150933226765;1
2;5155725950101564387;1532487856615257223;1
2;5155725950101564387;4976804173352834852;3
2;5155725950101564387;2804507621844128621;2
2;5155725950101564387;3009890673712227472;2
2;5155725950101564387;8352471677482341950;4
2;5155725950101564387;3965996009832298069;4
2;5155725950101564387;5645002264939911240;2
2;5155725950101564387;6729461696174282543;1
2;5155725950101564387;6302511835575765427;2
2;5155725950101564387;6140372732119068315;1
1;9134862859817030866;347520348779130794;2
1;9134862859817030866;3835536973828145451;4
1;9134862859817030866;3887105201496752751;2
1;9134862859817030866;9044725212433043997;3
1;9134862859817030866;8275181357437864705;2
1;9134862859817030866;1860061817666925715;2
1;9134862859817030866;6719658691829190571;2
1;9134862859817030866;4872583472354874832;5
1;9134862859817030866;5529506438344915116;1
1;9134862859817030866;5600461029645435035;1
1;9134862859817030866;5852154530988519815;1
1;9134862859817030866;4097223800359795077;1
1;9134862859817030866;5474460683042756805;2
1;9134862859817030866;7208566483193826646;1
1;9134862859817030866;5095470288472512385;1
1;9134862859817030866;2777480352243393897;3
1;9134862859817030866;6404300001043393359;1
1;9134862859817030866;26379855007166517;1
1;9134862859817030866;6416577388566874702;2
1;9134862859817030866;959317400596387314;2
1;9134862859817030866;4040509988492387426;4
1;9134862859817030866;3894706280449257667;2
1;9134862859817030866;1657665165780983454;4
1;9134862859817030866;819652267660746406;4
1;9134862859817030866;6641579232767647477;3
1;9134862859817030866;7538453731331109842;1
1;9134862859817030866;5120165716026667928;1
1;9134862859817030866;5215637234721378381;1
1;9134862859817030866;1085359296765146304;1
1;9134862859817030866;4950786435639807238;2
1;9134862859817030866;6705165274451860504;1
1;9134862859817030866;2958115939110601639;4
1;9134862859817030866;2678811684662146235;2
1;9134862859817030866;4413822679491157923;3
1;9134862859817030866;2110875768038469912;1
1;9134862859817030866;5691135100585682448;1
1;9134862859817030866;8864925188279236638;2
1;9134862859817030866;4240185897530825786;5
1;9134862859817030866;273773558676642674;1
1;9134862859817030866;4971325293581283782;2
1;9134862859817030866;1962963430662589558;1
1;9134862859817030866;5677318587127346173;3
1;9134862859817030866;2120799115839400862;3
1;9134862859817030866;1155871899594394627;1
1;9134862859817030866;8988637221428669939;2
1;9134862859817030866;7196360456326107781;5
1;9134862859817030866;1201594281387648185;4
1;9134862859817030866;1085687032950723886;1
1;9134862859817030866;3278510150933226765;1
1;9134862859817030866;1532487856615257223;1
1;9134862859817030866;4976804173352834852;3
1;9134862859817030866;2804507621844128621;3
1;9134862859817030866;3009890673712227472;3
1;9134862859817030866;8352471677482341950;5
1;9134862859817030866;3965996009832298069;4
1;9134862859817030866;5645002264939911240;2
1;9134862859817030866;6729461696174282543;1
1;9134862859817030866;6302511835575765427;3
1;9134862859817030866;6140372732119068315;1
2;9134862859817030866;347520348779130794;2
2;9134862859817030866;3835536973828145451;4
2;9134862859817030866;3887105201496752751;2
2;9134862859817030866;9044725212433043997;3
2;9134862859817030866;8275181357437864705;2
2;9134862859817030866;1860061817666925715;2
2;9134862859817030866;6719658691829190571;2
2;9134862859817030866;4872583472354874832;5
2;9134862859817030866;5529506438344915116;1
2;9134862859817030866;5600461029645435035;1
2;9134862859817030866;5852154530988519815;1
2;9134862859817030866;4097223800359795077;1
2;9134862859817030866;5474460683042756805;2
2;9134862859817030866;7208566483193826646;1
2;9134862859817030866;5095470288472512385;1
2;9134862859817030866;2777480352243393897;3
2;9134862859817030866;6404300001043393359;1
2;9134862859817030866;26379855007166517;1
2;9134862859817030866;6416577388566874702;2
2;9134862859817030866;959317400596387314;2
2;9134862859817030866;4040509988492387426;4
2;9134862859817030866;3894706280449257667;2
2;9134862859817030866;1657665165780983454;4
2;9134862859817030866;819652267660746406;4
2;9134862859817030866;6641579232767647477;3
2;9134862859817030866;7538453731331109842;1
2;9134862859817030866;5120165716026667928;1
2;9134862859817030866;5215637234721378381;1
2;9134862859817030866;1085359296765146304;1
2;9134862859817030866;4950786435639807238;2
2;9134862859817030866;6705165274451860504;1
2;9134862859817030866;2958115939110601639;4
2;9134862859817030866;2678811684662146235;2
2;9134862859817030866;4413822679491157923;3
2;9134862859817030866;2110875768038469912;1
2;9134862859817030866;5691135100585682448;1
2;9134862859817030866;8864925188279236638;2
2;9134862859817030866;4240185897530825786;5
2;9134862859817030866;273773558676642674;1
2;9134862859817030866;4971325293581283782;2
2;9134862859817030866;1962963430662589558;1
2;9134862859817030866;5677318587127346173;3
2;9134862859817030866;2120799115839400862;3
2;9134862859817030866;1155871899594394627;1
2;9134862859817030866;8988637221428669939;2
2;9134862859817030866;7196360456326107781;5
2;9134862859817030866;1201594281387648185;4
2;9134862859817030866;1085687032950723886;1
2;9134862859817030866;3278510150933226765;1
2;9134862859817030866;1532487856615257223;1
2;9134862859817030866;4976804173352834852;3
2;9134862859817030866;2804507621844128621;3
2;9134862859817030866;3009890673712227472;3
2;9134862859817030866;8352471677482341950;5
2;9134862859817030866;3965996009832298069;4
2;9134862859817030866;5645002264939911240;2
2;9134862859817030866;6729461696174282543;1
2;9134862859817030866;6302511835575765427;3
2;9134862859817030866;6140372732119068315;1
3;9134862859817030866;347520348779130794;2
3;9134862859817030866;3835536973828145451;4
3;9134862859817030866;3887105201496752751;2
3;9134862859817030866;9044725212433043997;3
3;9134862859817030866;8275181357437864705;2
3;9134862859817030866;1860061817666925715;3
3;9134862859817030866;6719658691829190571;2
3;9134862859817030866;4872583472354874832;5
3;9134862859817030866;5529506438344915116;1
3;9134862859817030866;5600461029645435035;1
3;9134862859817030866;5852154530988519815;2
3;9134862859817030866;4097223800359795077;1
3;9134862859817030866;5474460683042756805;2
3;9134862859817030866;7208566483193826646;1
3;9134862859817030866;5095470288472512385;1
3;9134862859817030866;2777480352243393897;3
3;9134862859817030866;6404300001043393359;1
3;9134862859817030866;26379855007166517;1
3;9134862859817030866;6416577388566874702;2
3;9134862859817030866;959317400596387314;2
3;9134862859817030866;4040509988492387426;4
3;9134862859817030866;3894706280449257667;2
3;9134862859817030866;1657665165780983454;4
3;9134862859817030866;819652267660746406;4
3;9134862859817030866;6641579232767647477;3
3;9134862859817030866;7538453731331109842;1
3;9134862859817030866;5120165716026667928;1
3;9134862859817030866;5215637234721378381;2
3;9134862859817030866;1085359296765146304;1
3;9134862859817030866;4950786435639807238;2
3;9134862859817030866;6705165274451860504;1
3;9134862859817030866;2958115939110601639;4
3;9134862859817030866;2678811684662146235;2
3;9134862859817030866;4413822679491157923;3
3;9134862859817030866;2110875768038469912;1
3;9134862859817030866;5691135100585682448;1
3;9134862859817030866;8864925188279236638;2
3;9134862859817030866;4240185897530825786;5
3;9134862859817030866;273773558676642674;1
3;9134862859817030866;4971325293581283782;2
3;9134862859817030866;1962963430662589558;1
3;9134862859817030866;5677318587127346173;3
3;9134862859817030866;2120799115839400862;3
3;9134862859817030866;1155871899594394627;1
3;9134862859817030866;8988637221428669939;2
3;9134862859817030866;7196360456326107781;5
3;9134862859817030866;1201594281387648185;4
3;9134862859817030866;1085687032950723886;2
3;9134862859817030866;3278510150933226765;1
3;9134862859817030866;1532487856615257223;1
3;9134862859817030866;4976804173352834852;3
3;9134862859817030866;2804507621844128621;3
3;9134862859817030866;3009890673712227472;3
3;9134862859817030866;8352471677482341950;5
3;9134862859817030866;3965996009832298069;4
3;9134862859817030866;5645002264939911240;2
3;9134862859817030866;6729461696174282543;1
3;9134862859817030866;6302511835575765427;3
3;9134862859817030866;6140372732119068315;1
4;9134862859817030866;347520348779130794;2
4;9134862859817030866;3835536973828145451;4
4;9134862859817030866;3887105201496752751;2
4;9134862859817030866;9044725212433043997;3
4;9134862859817030866;8275181357437864705;2
4;9134862859817030866;1860061817666925715;2
4;9134862859817030866;6719658691829190571;2
4;9134862859817030866;4872583472354874832;5
4;9134862859817030866;5529506438344915116;1
4;9134862859817030866;5600461029645435035;1
4;9134862859817030866;5852154530988519815;2
4;9134862859817030866;4097223800359795077;1
4;9134862859817030866;5474460683042756805;2
4;9134862859817030866;7208566483193826646;1
4;9134862859817030866;5095470288472512385;1
4;9134862859817030866;2777480352243393897;3
4;9134862859817030866;6404300001043393359;1
4;9134862859817030866;26379855007166517;1
4;9134862859817030866;6416577388566874702;2
4;9134862859817030866;959317400596387314;2
4;9134862859817030866;4040509988492387426;4
4;9134862859817030866;3894706280449257667;2
4;9134862859817030866;1657665165780983454;4
4;9134862859817030866;819652267660746406;4
4;9134862859817030866;6641579232767647477;3
4;9134862859817030866;7538453731331109842;1
4;9134862859817030866;5120165716026667928;1
4;9134862859817030866;5215637234721378381;2
4;9134862859817030866;1085359296765146304;1
4;9134862859817030866;4950786435639807238;2
4;9134862859817030866;6705165274451860504;1
4;9134862859817030866;2958115939110601639;4
4;9134862859817030866;2678811684662146235;2
4;9134862859817030866;4413822679491157923;3
4;9134862859817030866;2110875768038469912;1
4;9134862859817030866;5691135100585682448;1
4;9134862859817030866;8864925188279236638;2
4;9134862859817030866;4240185897530825786;5
4;9134862859817030866;273773558676642674;1
4;9134862859817030866;4971325293581283782;2
4;9134862859817030866;1962963430662589558;1
4;9134862859817030866;5677318587127346173;3
4;9134862859817030866;2120799115839400862;3
4;9134862859817030866;1155871899594394627;1
4;9134862859817030866;8988637221428669939;2
4;9134862859817030866;7196360456326107781;5
4;9134862859817030866;1201594281387648185;4
4;9134862859817030866;1085687032950723886;1
4;9134862859817030866;3278510150933226765;1
4;9134862859817030866;1532487856615257223;1
4;9134862859817030866;4976804173352834852;3
4;9134862859817030866;2804507621844128621;3
4;9134862859817030866;3009890673712227472;3
4;9134862859817030866;8352471677482341950;5
4;9134862859817030866;3965996009832298069;4
4;9134862859817030866;5645002264939911240;2
4;9134862859817030866;6729461696174282543;1
4;9134862859817030866;6302511835575765427;3
4;9134862859817030866;6140372732119068315;1
1;2964137090837374331;347520348779130794;2
1;2964137090837374331;3835536973828145451;4
1;2964137090837374331;3887105201496752751;2
1;2964137090837374331;9044725212433043997;3
1;2964137090837374331;8275181357437864705;2
1;2964137090837374331;1860061817666925715;2
1;2964137090837374331;6719658691829190571;2
1;2964137090837374331;4872583472354874832;5
1;2964137090837374331;5529506438344915116;1
1;2964137090837374331;5600461029645435035;1
1;2964137090837374331;5852154530988519815;1
1;2964137090837374331;4097223800359795077;1
1;2964137090837374331;5474460683042756805;2
1;2964137090837374331;7208566483193826646;1
1;2964137090837374331;5095470288472512385;1
1;2964137090837374331;2777480352243393897;3
1;2964137090837374331;6404300001043393359;1
1;2964137090837374331;26379855007166517;1
1;2964137090837374331;6416577388566874702;2
1;2964137090837374331;959317400596387314;2
1;2964137090837374331;4040509988492387426;4
1;2964137090837374331;3894706280449257667;2
1;2964137090837374331;1657665165780983454;4
1;2964137090837374331;819652267660746406;4
1;2964137090837374331;6641579232767647477;3
1;2964137090837374331;7538453731331109842;1
1;2964137090837374331;5120165716026667928;1
1;2964137090837374331;5215637234721378381;1
1;2964137090837374331;1085359296765146304;1
1;2964137090837374331;4950786435639807238;2
1;2964137090837374331;6705165274451860504;1
1;2964137090837374331;2958115939110601639;4
1;2964137090837374331;2678811684662146235;2
1;2964137090837374331;4413822679491157923;3
1;2964137090837374331;2110875768038469912;1
1;2964137090837374331;5691135100585682448;1
1;2964137090837374331;8864925188279236638;2
1;2964137090837374331;4240185897530825786;5
1;2964137090837374331;273773558676642674;1
1;2964137090837374331;4971325293581283782;2
1;2964137090837374331;1962963430662589558;1
1;2964137090837374331;5677318587127346173;3
1;2964137090837374331;2120799115839400862;3
1;2964137090837374331;1155871899594394627;1
1;2964137090837374331;8988637221428669939;2
1;2964137090837374331;7196360456326107781;5
1;2964137090837374331;1201594281387648185;4
1;2964137090837374331;1085687032950723886;1
1;2964137090837374331;3278510150933226765;1
1;2964137090837374331;1532487856615257223;1
1;2964137090837374331;4976804173352834852;3
1;2964137090837374331;2804507621844128621;3
1;2964137090837374331;3009890673712227472;3
1;2964137090837374331;8352471677482341950;5
1;2964137090837374331;3965996009832298069;4
1;2964137090837374331;5645002264939911240;2
1;2964137090837374331;6729461696174282543;1
1;2964137090837374331;6302511835575765427;3
1;2964137090837374331;6140372732119068315;1
2;2964137090837374331;347520348779130794;2
2;2964137090837374331;3835536973828145451;4
2;2964137090837374331;3887105201496752751;2
2;2964137090837374331;9044725212433043997;3
2;2964137090837374331;8275181357437864705;2
2;2964137090837374331;1860061817666925715;2
2;2964137090837374331;6719658691829190571;2
2;2964137090837374331;4872583472354874832;5
2;2964137090837374331;5529506438344915116;1
2;2964137090837374331;5600461029645435035;1
2;2964137090837374331;5852154530988519815;1
2;2964137090837374331;4097223800359795077;1
2;2964137090837374331;5474460683042756805;2
2;2964137090837374331;7208566483193826646;1
2;2964137090837374331;5095470288472512385;1
2;2964137090837374331;2777480352243393897;3
2;2964137090837374331;6404300001043393359;1
2;2964137090837374331;26379855007166517;1
2;2964137090837374331;6416577388566874702;2
2;2964137090837374331;959317400596387314;2
2;2964137090837374331;4040509988492387426;4
2;2964137090837374331;3894706280449257667;2
2;2964137090837374331;1657665165780983454;4
2;2964137090837374331;819652267660746406;4
2;2964137090837374331;6641579232767647477;3
2;2964137090837374331;7538453731331109842;1
2;2964137090837374331;5120165716026667928;1
2;2964137090837374331;5215637234721378381;1
2;2964137090837374331;1085359296765146304;1
2;2964137090837374331;4950786435639807238;2
2;2964137090837374331;6705165274451860504;1
2;2964137090837374331;2958115939110601639;4
2;2964137090837374331;2678811684662146235;2
2;2964137090837374331;4413822679491157923;3
2;2964137090837374331;2110875768038469912;1
2;2964137090837374331;5691135100585682448;1
2;2964137090837374331;8864925188279236638;2
2;2964137090837374331;4240185897530825786;5
2;2964137090837374331;273773558676642674;1
2;2964137090837374331;4971325293581283782;2
2;2964137090837374331;1962963430662589558;1
2;2964137090837374331;5677318587127346173;3
2;2964137090837374331;2120799115839400862;3
2;2964137090837374331;1155871899594394627;1
2;2964137090837374331;8988637221428669939;2
2;2964137090837374331;7196360456326107781;5
2;2964137090837374331;1201594281387648185;4
2;2964137090837374331;1085687032950723886;1
2;2964137090837374331;3278510150933226765;1
2;2964137090837374331;1532487856615257223;1
2;2964137090837374331;4976804173352834852;3
2;2964137090837374331;2804507621844128621;3
2;2964137090837374331;3009890673712227472;3
2;2964137090837374331;8352471677482341950;5
2;2964137090837374331;3965996009832298069;4
2;2964137090837374331;5645002264939911240;2
2;2964137090837374331;6729461696174282543;1
2;2964137090837374331;6302511835575765427;3
2;2964137090837374331;6140372732119068315;1
2;5658815032567467999;347520348779130794;2
2;5658815032567467999;3835536973828145451;4
2;5658815032567467999;3887105201496752751;2
2;5658815032567467999;9044725212433043997;3
2;5658815032567467999;8275181357437864705;2
2;5658815032567467999;1860061817666925715;2
2;5658815032567467999;6719658691829190571;2
2;5658815032567467999;4872583472354874832;5
2;5658815032567467999;5529506438344915116;1
2;5658815032567467999;5600461029645435035;1
2;5658815032567467999;5852154530988519815;1
2;5658815032567467999;4097223800359795077;1
2;5658815032567467999;5474460683042756805;2
2;5658815032567467999;7208566483193826646;1
2;5658815032567467999;5095470288472512385;1
2;5658815032567467999;2777480352243393897;3
2;5658815032567467999;6404300001043393359;1
2;5658815032567467999;26379855007166517;1
2;5658815032567467999;6416577388566874702;2
2;5658815032567467999;959317400596387314;2
2;5658815032567467999;4040509988492387426;4
2;5658815032567467999;3894706280449257667;2
2;5658815032567467999;1657665165780983454;4
2;5658815032567467999;819652267660746406;4
2;5658815032567467999;6641579232767647477;3
2;5658815032567467999;7538453731331109842;1
2;5658815032567467999;5120165716026667928;1
2;5658815032567467999;5215637234721378381;1
2;5658815032567467999;1085359296765146304;1
2;5658815032567467999;4950786435639807238;2
2;5658815032567467999;6705165274451860504;1
2;5658815032567467999;2958115939110601639;4
2;5658815032567467999;2678811684662146235;2
2;5658815032567467999;4413822679491157923;3
2;5658815032567467999;2110875768038469912;1
2;5658815032567467999;5691135100585682448;1
2;5658815032567467999;8864925188279236638;2
2;5658815032567467999;4240185897530825786;5
2;5658815032567467999;273773558676642674;1
2;5658815032567467999;4971325293581283782;2
2;5658815032567467999;1962963430662589558;1
2;5658815032567467999;5677318587127346173;3
2;5658815032567467999;2120799115839400862;3
2;5658815032567467999;1155871899594394627;1
2;5658815032567467999;8988637221428669939;2
2;5658815032567467999;7196360456326107781;5
2;5658815032567467999;1201594281387648185;4
2;5658815032567467999;1085687032950723886;1
2;5658815032567467999;3278510150933226765;1
2;5658815032567467999;1532487856615257223;1
2;5658815032567467999;4976804173352834852;3
2;5658815032567467999;2804507621844128621;3
2;5658815032567467999;3009890673712227472;3
2;5658815032567467999;8352471677482341950;5
2;5658815032567467999;3965996009832298069;4
2;5658815032567467999;5645002264939911240;2
2;5658815032567467999;6729461696174282543;1
2;5658815032567467999;6302511835575765427;3
2;5658815032567467999;6140372732119068315;1
3;5658815032567467999;347520348779130794;2
3;5658815032567467999;3835536973828145451;4
3;5658815032567467999;3887105201496752751;2
3;5658815032567467999;9044725212433043997;3
3;5658815032567467999;8275181357437864705;2
3;5658815032567467999;1860061817666925715;3
3;5658815032567467999;6719658691829190571;2
3;5658815032567467999;4872583472354874832;5
3;5658815032567467999;5529506438344915116;1
3;5658815032567467999;5600461029645435035;1
3;5658815032567467999;5852154530988519815;2
3;5658815032567467999;4097223800359795077;1
3;5658815032567467999;5474460683042756805;2
3;5658815032567467999;7208566483193826646;1
3;5658815032567467999;5095470288472512385;1
3;5658815032567467999;2777480352243393897;3
3;5658815032567467999;6404300001043393359;1
3;5658815032567467999;26379855007166517;1
3;5658815032567467999;6416577388566874702;2
3;5658815032567467999;959317400596387314;2
3;5658815032567467999;4040509988492387426;4
3;5658815032567467999;3894706280449257667;2
3;5658815032567467999;1657665165780983454;4
3;5658815032567467999;819652267660746406;4
3;5658815032567467999;6641579232767647477;3
3;5658815032567467999;7538453731331109842;1
3;5658815032567467999;5120165716026667928;1
3;5658815032567467999;5215637234721378381;2
3;5658815032567467999;1085359296765146304;1
3;5658815032567467999;4950786435639807238;2
3;5658815032567467999;6705165274451860504;1
3;5658815032567467999;2958115939110601639;4
3;5658815032567467999;2678811684662146235;2
3;5658815032567467999;4413822679491157923;3
3;5658815032567467999;2110875768038469912;1
3;5658815032567467999;5691135100585682448;1
3;5658815032567467999;8864925188279236638;2
3;5658815032567467999;4240185897530825786;5
3;5658815032567467999;273773558676642674;1
3;5658815032567467999;4971325293581283782;2
3;5658815032567467999;1962963430662589558;1
3;5658815032567467999;5677318587127346173;3
3;5658815032567467999;2120799115839400862;3
3;5658815032567467999;1155871899594394627;1
3;5658815032567467999;8988637221428669939;2
3;5658815032567467999;7196360456326107781;5
3;5658815032567467999;1201594281387648185;4
3;5658815032567467999;1085687032950723886;2
3;5658815032567467999;3278510150933226765;1
3;5658815032567467999;1532487856615257223;1
3;5658815032567467999;4976804173352834852;3
3;5658815032567467999;2804507621844128621;3
3;5658815032567467999;3009890673712227472;3
3;5658815032567467999;8352471677482341950;5
3;5658815032567467999;3965996009832298069;4
3;5658815032567467999;5645002264939911240;2
3;5658815032567467999;6729461696174282543;1
3;5658815032567467999;6302511835575765427;3
3;5658815032567467999;6140372732119068315;1
2;7694303669712579264;347520348779130794;2
2;7694303669712579264;3835536973828145451;4
2;7694303669712579264;3887105201496752751;2
2;7694303669712579264;9044725212433043997;3
2;7694303669712579264;8275181357437864705;2
2;7694303669712579264;1860061817666925715;2
2;7694303669712579264;6719658691829190571;2
2;7694303669712579264;4872583472354874832;5
2;7694303669712579264;5529506438344915116;1
2;7694303669712579264;5600461029645435035;1
2;7694303669712579264;5852154530988519815;1
2;7694303669712579264;4097223800359795077;1
2;7694303669712579264;5474460683042756805;2
2;7694303669712579264;7208566483193826646;1
2;7694303669712579264;5095470288472512385;1
2;7694303669712579264;2777480352243393897;3
2;7694303669712579264;6404300001043393359;1
2;7694303669712579264;26379855007166517;1
2;7694303669712579264;6416577388566874702;2
2;7694303669712579264;959317400596387314;2
2;7694303669712579264;4040509988492387426;4
2;7694303669712579264;3894706280449257667;2
2;7694303669712579264;1657665165780983454;4
2;7694303669712579264;819652267660746406;4
2;7694303669712579264;6641579232767647477;3
2;7694303669712579264;7538453731331109842;1
2;7694303669712579264;5120165716026667928;1
2;7694303669712579264;5215637234721378381;1
2;7694303669712579264;1085359296765146304;1
2;7694303669712579264;4950786435639807238;2
2;7694303669712579264;6705165274451860504;1
2;7694303669712579264;2958115939110601639;4
2;7694303669712579264;2678811684662146235;2
2;7694303669712579264;4413822679491157923;3
2;7694303669712579264;2110875768038469912;1
2;7694303669712579264;5691135100585682448;1
2;7694303669712579264;8864925188279236638;2
2;7694303669712579264;4240185897530825786;5
2;7694303669712579264;273773558676642674;1
2;7694303669712579264;4971325293581283782;2
2;7694303669712579264;1962963430662589558;1
2;7694303669712579264;5677318587127346173;3
2;7694303669712579264;2120799115839400862;3
2;7694303669712579264;1155871899594394627;1
2;7694303669712579264;8988637221428669939;2
2;7694303669712579264;7196360456326107781;5
2;7694303669712579264;1201594281387648185;4
2;7694303669712579264;1085687032950723886;1
2;7694303669712579264;3278510150933226765;1
2;7694303669712579264;1532487856615257223;1
2;7694303669712579264;4976804173352834852;3
2;7694303669712579264;2804507621844128621;3
2;7694303669712579264;3009890673712227472;3
2;7694303669712579264;8352471677482341950;5
2;7694303669712579264;3965996009832298069;4
2;7694303669712579264;5645002264939911240;2
2;7694303669712579264;6729461696174282543;1
2;7694303669712579264;6302511835575765427;3
2;7694303669712579264;6140372732119068315;1
2;6398331208579128292;347520348779130794;2
2;6398331208579128292;3835536973828145451;3
2;6398331208579128292;3887105201496752751;2
2;6398331208579128292;9044725212433043997;2
2;6398331208579128292;8275181357437864705;2
2;6398331208579128292;1860061817666925715;2
2;6398331208579128292;6719658691829190571;2
2;6398331208579128292;4872583472354874832;4
2;6398331208579128292;5529506438344915116;1
2;6398331208579128292;5600461029645435035;1
2;6398331208579128292;5852154530988519815;1
2;6398331208579128292;4097223800359795077;1
2;6398331208579128292;5474460683042756805;2
2;6398331208579128292;7208566483193826646;1
2;6398331208579128292;2777480352243393897;2
2;6398331208579128292;6404300001043393359;1
2;6398331208579128292;26379855007166517;1
2;6398331208579128292;6416577388566874702;1
2;6398331208579128292;959317400596387314;2
2;6398331208579128292;4040509988492387426;3
2;6398331208579128292;3894706280449257667;1
2;6398331208579128292;1657665165780983454;3
2;6398331208579128292;819652267660746406;3
2;6398331208579128292;6641579232767647477;2
2;6398331208579128292;5120165716026667928;1
2;6398331208579128292;5215637234721378381;1
2;6398331208579128292;1085359296765146304;1
2;6398331208579128292;4950786435639807238;1
2;6398331208579128292;2958115939110601639;3
2;6398331208579128292;2678811684662146235;1
2;6398331208579128292;4413822679491157923;2
2;6398331208579128292;2110875768038469912;1
2;6398331208579128292;5691135100585682448;1
2;6398331208579128292;8864925188279236638;1
2;6398331208579128292;4240185897530825786;4
2;6398331208579128292;273773558676642674;1
2;6398331208579128292;4971325293581283782;2
2;6398331208579128292;5677318587127346173;3
2;6398331208579128292;2120799115839400862;2
2;6398331208579128292;1155871899594394627;1
2;6398331208579128292;8988637221428669939;1
2;6398331208579128292;7196360456326107781;4
2;6398331208579128292;1201594281387648185;3
2;6398331208579128292;1085687032950723886;1
2;6398331208579128292;1532487856615257223;1
2;6398331208579128292;4976804173352834852;3
2;6398331208579128292;2804507621844128621;2
2;6398331208579128292;3009890673712227472;2
2;6398331208579128292;8352471677482341950;4
2;6398331208579128292;3965996009832298069;3
2;6398331208579128292;5645002264939911240;2
2;6398331208579128292;6729461696174282543;1
2;6398331208579128292;6302511835575765427;2
2;6398331208579128292;6140372732119068315;1
2;1779097047309660980;347520348779130794;2
2;1779097047309660980;3835536973828145451;4
2;1779097047309660980;3887105201496752751;2
2;1779097047309660980;9044725212433043997;3
2;1779097047309660980;8275181357437864705;2
2;1779097047309660980;1860061817666925715;2
2;1779097047309660980;6719658691829190571;2
2;1779097047309660980;4872583472354874832;4
2;1779097047309660980;5529506438344915116;1
2;1779097047309660980;5600461029645435035;1
2;1779097047309660980;5852154530988519815;1
2;1779097047309660980;4097223800359795077;1
2;1779097047309660980;5474460683042756805;2
2;1779097047309660980;7208566483193826646;1
2;1779097047309660980;5095470288472512385;1
2;1779097047309660980;2777480352243393897;3
2;1779097047309660980;6404300001043393359;1
2;1779097047309660980;26379855007166517;1
2;1779097047309660980;6416577388566874702;1
2;1779097047309660980;959317400596387314;2
2;1779097047309660980;4040509988492387426;4
2;1779097047309660980;3894706280449257667;1
2;1779097047309660980;1657665165780983454;4
2;1779097047309660980;819652267660746406;4
2;1779097047309660980;6641579232767647477;3
2;1779097047309660980;5120165716026667928;1
2;1779097047309660980;5215637234721378381;1
2;1779097047309660980;1085359296765146304;1
2;1779097047309660980;4950786435639807238;2
2;1779097047309660980;2958115939110601639;3
2;1779097047309660980;2678811684662146235;1
2;1779097047309660980;4413822679491157923;3
2;1779097047309660980;2110875768038469912;1
2;1779097047309660980;5691135100585682448;1
2;1779097047309660980;8864925188279236638;2
2;1779097047309660980;4240185897530825786;4
2;1779097047309660980;273773558676642674;1
2;1779097047309660980;4971325293581283782;2
2;1779097047309660980;5677318587127346173;3
2;1779097047309660980;2120799115839400862;3
2;1779097047309660980;1155871899594394627;1
2;1779097047309660980;8988637221428669939;2
2;1779097047309660980;7196360456326107781;4
2;1779097047309660980;1201594281387648185;4
2;1779097047309660980;1085687032950723886;1
2;1779097047309660980;3278510150933226765;1
2;1779097047309660980;1532487856615257223;1
2;1779097047309660980;4976804173352834852;3
2;1779097047309660980;2804507621844128621;2
2;1779097047309660980;3009890673712227472;2
2;1779097047309660980;8352471677482341950;4
2;1779097047309660980;3965996009832298069;4
2;1779097047309660980;5645002264939911240;2
2;1779097047309660980;6729461696174282543;1
2;1779097047309660980;6302511835575765427;2
2;1779097047309660980;6140372732119068315;1
2;84398809549135848;347520348779130794;2
2;84398809549135848;3835536973828145451;4
2;84398809549135848;3887105201496752751;2
2;84398809549135848;9044725212433043997;3
2;84398809549135848;8275181357437864705;2
2;84398809549135848;1860061817666925715;2
2;84398809549135848;6719658691829190571;2
2;84398809549135848;4872583472354874832;5
2;84398809549135848;5529506438344915116;1
2;84398809549135848;5600461029645435035;1
2;84398809549135848;5852154530988519815;1
2;84398809549135848;4097223800359795077;1
2;84398809549135848;5474460683042756805;2
2;84398809549135848;7208566483193826646;1
2;84398809549135848;5095470288472512385;1
2;84398809549135848;2777480352243393897;3
2;84398809549135848;6404300001043393359;1
2;84398809549135848;26379855007166517;1
2;84398809549135848;6416577388566874702;2
2;84398809549135848;959317400596387314;2
2;84398809549135848;4040509988492387426;4
2;84398809549135848;3894706280449257667;2
2;84398809549135848;1657665165780983454;4
2;84398809549135848;819652267660746406;4
2;84398809549135848;6641579232767647477;3
2;84398809549135848;7538453731331109842;1
2;84398809549135848;5120165716026667928;1
2;84398809549135848;5215637234721378381;1
2;84398809549135848;1085359296765146304;1
2;84398809549135848;4950786435639807238;2
2;84398809549135848;6705165274451860504;1
2;84398809549135848;2958115939110601639;4
2;84398809549135848;2678811684662146235;2
2;84398809549135848;4413822679491157923;3
2;84398809549135848;2110875768038469912;1
2;84398809549135848;5691135100585682448;1
2;84398809549135848;8864925188279236638;2
2;84398809549135848;4240185897530825786;5
2;84398809549135848;273773558676642674;1
2;84398809549135848;4971325293581283782;2
2;84398809549135848;5677318587127346173;3
2;84398809549135848;2120799115839400862;3
2;84398809549135848;1155871899594394627;1
2;84398809549135848;8988637221428669939;2
2;84398809549135848;7196360456326107781;5
2;84398809549135848;1201594281387648185;4
2;84398809549135848;1085687032950723886;1
2;84398809549135848;3278510150933226765;1
2;84398809549135848;1532487856615257223;1
2;84398809549135848;4976804173352834852;3
2;84398809549135848;2804507621844128621;3
2;84398809549135848;3009890673712227472;3
2;84398809549135848;8352471677482341950;5
2;84398809549135848;3965996009832298069;4
2;84398809549135848;5645002264939911240;2
2;84398809549135848;6729461696174282543;1
2;84398809549135848;6302511835575765427;3
2;84398809549135848;6140372732119068315;1
3;84398809549135848;347520348779130794;2
3;84398809549135848;3835536973828145451;4
3;84398809549135848;3887105201496752751;2
3;84398809549135848;9044725212433043997;3
3;84398809549135848;8275181357437864705;2
3;84398809549135848;1860061817666925715;2
3;84398809549135848;6719658691829190571;2
3;84398809549135848;4872583472354874832;5
3;84398809549135848;5529506438344915116;1
3;84398809549135848;5600461029645435035;1
3;84398809549135848;5852154530988519815;1
3;84398809549135848;4097223800359795077;1
3;84398809549135848;5474460683042756805;2
3;84398809549135848;7208566483193826646;1
3;84398809549135848;5095470288472512385;1
3;84398809549135848;2777480352243393897;3
3;84398809549135848;6404300001043393359;1
3;84398809549135848;26379855007166517;1
3;84398809549135848;6416577388566874702;2
3;84398809549135848;959317400596387314;2
3;84398809549135848;4040509988492387426;4
3;84398809549135848;3894706280449257667;2
3;84398809549135848;1657665165780983454;4
3;84398809549135848;819652267660746406;4
3;84398809549135848;6641579232767647477;3
3;84398809549135848;5120165716026667928;1
3;84398809549135848;5215637234721378381;1
3;84398809549135848;1085359296765146304;1
3;84398809549135848;4950786435639807238;2
3;84398809549135848;2958115939110601639;3
3;84398809549135848;2678811684662146235;1
3;84398809549135848;4413822679491157923;3
3;84398809549135848;2110875768038469912;1
3;84398809549135848;5691135100585682448;1
3;84398809549135848;8864925188279236638;2
3;84398809549135848;4240185897530825786;4
3;84398809549135848;273773558676642674;1
3;84398809549135848;4971325293581283782;2
3;84398809549135848;5677318587127346173;3
3;84398809549135848;2120799115839400862;3
3;84398809549135848;1155871899594394627;1
3;84398809549135848;8988637221428669939;2
3;84398809549135848;7196360456326107781;5
3;84398809549135848;1201594281387648185;4
3;84398809549135848;1085687032950723886;1
3;84398809549135848;3278510150933226765;1
3;84398809549135848;1532487856615257223;1
3;84398809549135848;4976804173352834852;3
3;84398809549135848;2804507621844128621;2
3;84398809549135848;3009890673712227472;2
3;84398809549135848;8352471677482341950;4
3;84398809549135848;3965996009832298069;4
3;84398809549135848;5645002264939911240;2
3;84398809549135848;6729461696174282543;1
3;84398809549135848;6302511835575765427;3
3;84398809549135848;6140372732119068315;1
2;7028617812465511183;1288112997726060694;1
2;7028617812465511183;8174625658473329985;1
2;7028617812465511183;1023598837563683985;1
2;7028617812465511183;4644784604518546357;1
2;7028617812465511183;8654618855511723434;1
2;7028617812465511183;3262679882836704514;1
2;7028617812465511183;1763152755499955057;1
2;7028617812465511183;3412643108348121578;1
2;7028617812465511183;9036639434778896273;1
2;7028617812465511183;5202453704661408849;1
2;7028617812465511183;8352471677482341950;1
2;7028617812465511183;4040509988492387426;1
2;7028617812465511183;4623814317972718932;1
2;7028617812465511183;2137299631507474345;1
2;7028617812465511183;1586689322276564072;1
2;7028617812465511183;5961034932774965293;1
2;7028617812465511183;3965996009832298069;1
2;7028617812465511183;1657665165780983454;1
2;7028617812465511183;1713922407053996420;1
2;6434414063399492998;347520348779130794;2
2;6434414063399492998;3835536973828145451;4
2;6434414063399492998;3887105201496752751;2
2;6434414063399492998;9044725212433043997;3
2;6434414063399492998;8275181357437864705;2
2;6434414063399492998;1860061817666925715;2
2;6434414063399492998;6719658691829190571;2
2;6434414063399492998;4872583472354874832;5
2;6434414063399492998;5529506438344915116;1
2;6434414063399492998;5600461029645435035;1
2;6434414063399492998;5852154530988519815;1
2;6434414063399492998;4097223800359795077;1
2;6434414063399492998;5474460683042756805;2
2;6434414063399492998;7208566483193826646;1
2;6434414063399492998;5095470288472512385;1
2;6434414063399492998;2777480352243393897;3
2;6434414063399492998;6404300001043393359;1
2;6434414063399492998;26379855007166517;1
2;6434414063399492998;6416577388566874702;2
2;6434414063399492998;959317400596387314;2
2;6434414063399492998;4040509988492387426;4
2;6434414063399492998;3894706280449257667;2
2;6434414063399492998;1657665165780983454;4
2;6434414063399492998;819652267660746406;4
2;6434414063399492998;6641579232767647477;3
2;6434414063399492998;7538453731331109842;1
2;6434414063399492998;5120165716026667928;1
2;6434414063399492998;5215637234721378381;1
2;6434414063399492998;1085359296765146304;1
2;6434414063399492998;4950786435639807238;2
2;6434414063399492998;6705165274451860504;1
2;6434414063399492998;2958115939110601639;4
2;6434414063399492998;2678811684662146235;2
2;6434414063399492998;4413822679491157923;3
2;6434414063399492998;2110875768038469912;1
2;6434414063399492998;5691135100585682448;1
2;6434414063399492998;8864925188279236638;2
2;6434414063399492998;4240185897530825786;5
2;6434414063399492998;273773558676642674;1
2;6434414063399492998;4971325293581283782;2
2;6434414063399492998;1962963430662589558;1
2;6434414063399492998;5677318587127346173;3
2;6434414063399492998;2120799115839400862;3
2;6434414063399492998;1155871899594394627;1
2;6434414063399492998;8988637221428669939;2
2;6434414063399492998;7196360456326107781;5
2;6434414063399492998;1201594281387648185;4
2;6434414063399492998;1085687032950723886;1
2;6434414063399492998;3278510150933226765;1
2;6434414063399492998;1532487856615257223;1
2;6434414063399492998;4976804173352834852;3
2;6434414063399492998;2804507621844128621;3
2;6434414063399492998;3009890673712227472;3
2;6434414063399492998;8352471677482341950;5
2;6434414063399492998;3965996009832298069;4
2;6434414063399492998;5645002264939911240;2
2;6434414063399492998;6729461696174282543;1
2;6434414063399492998;6302511835575765427;3
2;6434414063399492998;6140372732119068315;1
3;6434414063399492998;347520348779130794;2
3;6434414063399492998;3835536973828145451;4
3;6434414063399492998;3887105201496752751;2
3;6434414063399492998;9044725212433043997;3
3;6434414063399492998;8275181357437864705;2
3;6434414063399492998;1860061817666925715;3
3;6434414063399492998;6719658691829190571;2
3;6434414063399492998;4872583472354874832;5
3;6434414063399492998;5529506438344915116;1
3;6434414063399492998;5600461029645435035;1
3;6434414063399492998;5852154530988519815;2
3;6434414063399492998;4097223800359795077;1
3;6434414063399492998;5474460683042756805;2
3;6434414063399492998;7208566483193826646;1
3;6434414063399492998;5095470288472512385;1
3;6434414063399492998;2777480352243393897;3
3;6434414063399492998;6404300001043393359;1
3;6434414063399492998;26379855007166517;1
3;6434414063399492998;6416577388566874702;2
3;6434414063399492998;959317400596387314;2
3;6434414063399492998;4040509988492387426;4
3;6434414063399492998;3894706280449257667;2
3;6434414063399492998;1657665165780983454;4
3;6434414063399492998;819652267660746406;4
3;6434414063399492998;6641579232767647477;3
3;6434414063399492998;7538453731331109842;1
3;6434414063399492998;5120165716026667928;1
3;6434414063399492998;5215637234721378381;2
3;6434414063399492998;1085359296765146304;1
3;6434414063399492998;4950786435639807238;2
3;6434414063399492998;6705165274451860504;1
3;6434414063399492998;2958115939110601639;4
3;6434414063399492998;2678811684662146235;2
3;6434414063399492998;4413822679491157923;3
3;6434414063399492998;2110875768038469912;1
3;6434414063399492998;5691135100585682448;1
3;6434414063399492998;8864925188279236638;2
3;6434414063399492998;4240185897530825786;5
3;6434414063399492998;273773558676642674;1
3;6434414063399492998;4971325293581283782;2
3;6434414063399492998;1962963430662589558;1
3;6434414063399492998;5677318587127346173;3
3;6434414063399492998;2120799115839400862;3
3;6434414063399492998;1155871899594394627;1
3;6434414063399492998;8988637221428669939;2
3;6434414063399492998;7196360456326107781;5
3;6434414063399492998;1201594281387648185;4
3;6434414063399492998;1085687032950723886;2
3;6434414063399492998;3278510150933226765;1
3;6434414063399492998;1532487856615257223;1
3;6434414063399492998;4976804173352834852;3
3;6434414063399492998;2804507621844128621;3
3;6434414063399492998;3009890673712227472;3
3;6434414063399492998;8352471677482341950;5
3;6434414063399492998;3965996009832298069;4
3;6434414063399492998;5645002264939911240;2
3;6434414063399492998;6729461696174282543;1
3;6434414063399492998;6302511835575765427;3
3;6434414063399492998;6140372732119068315;1
4;6434414063399492998;347520348779130794;2
4;6434414063399492998;3835536973828145451;4
4;6434414063399492998;3887105201496752751;2
4;6434414063399492998;9044725212433043997;3
4;6434414063399492998;8275181357437864705;2
4;6434414063399492998;1860061817666925715;2
4;6434414063399492998;6719658691829190571;2
4;6434414063399492998;4872583472354874832;5
4;6434414063399492998;5529506438344915116;1
4;6434414063399492998;5600461029645435035;1
4;6434414063399492998;5852154530988519815;2
4;6434414063399492998;4097223800359795077;1
4;6434414063399492998;5474460683042756805;2
4;6434414063399492998;7208566483193826646;1
4;6434414063399492998;5095470288472512385;1
4;6434414063399492998;2777480352243393897;3
4;6434414063399492998;6404300001043393359;1
4;6434414063399492998;26379855007166517;1
4;6434414063399492998;6416577388566874702;2
4;6434414063399492998;959317400596387314;2
4;6434414063399492998;4040509988492387426;4
4;6434414063399492998;3894706280449257667;2
4;6434414063399492998;1657665165780983454;4
4;6434414063399492998;819652267660746406;4
4;6434414063399492998;6641579232767647477;3
4;6434414063399492998;7538453731331109842;1
4;6434414063399492998;5120165716026667928;1
4;6434414063399492998;5215637234721378381;2
4;6434414063399492998;1085359296765146304;1
4;6434414063399492998;4950786435639807238;2
4;6434414063399492998;6705165274451860504;1
4;6434414063399492998;2958115939110601639;4
4;6434414063399492998;2678811684662146235;2
4;6434414063399492998;4413822679491157923;3
4;6434414063399492998;2110875768038469912;1
4;6434414063399492998;5691135100585682448;1
4;6434414063399492998;8864925188279236638;2
4;6434414063399492998;4240185897530825786;5
4;6434414063399492998;273773558676642674;1
4;6434414063399492998;4971325293581283782;2
4;6434414063399492998;1962963430662589558;1
4;6434414063399492998;5677318587127346173;3
4;6434414063399492998;2120799115839400862;3
4;6434414063399492998;1155871899594394627;1
4;6434414063399492998;8988637221428669939;2
4;6434414063399492998;7196360456326107781;5
4;6434414063399492998;1201594281387648185;4
4;6434414063399492998;1085687032950723886;1
4;6434414063399492998;3278510150933226765;1
4;6434414063399492998;1532487856615257223;1
4;6434414063399492998;4976804173352834852;3
4;6434414063399492998;2804507621844128621;3
4;6434414063399492998;3009890673712227472;3
4;6434414063399492998;8352471677482341950;5
4;6434414063399492998;3965996009832298069;4
4;6434414063399492998;5645002264939911240;2
4;6434414063399492998;6729461696174282543;1
4;6434414063399492998;6302511835575765427;3
4;6434414063399492998;6140372732119068315;1
2;8107898690947763058;347520348779130794;2
2;8107898690947763058;3835536973828145451;3
2;8107898690947763058;3887105201496752751;2
2;8107898690947763058;9044725212433043997;2
2;8107898690947763058;8275181357437864705;1
2;8107898690947763058;1860061817666925715;2
2;8107898690947763058;6719658691829190571;2
2;8107898690947763058;4872583472354874832;3
2;8107898690947763058;5529506438344915116;1
2;8107898690947763058;5852154530988519815;1
2;8107898690947763058;5474460683042756805;1
2;8107898690947763058;7208566483193826646;1
2;8107898690947763058;2777480352243393897;2
2;8107898690947763058;6404300001043393359;1
2;8107898690947763058;6416577388566874702;1
2;8107898690947763058;959317400596387314;1
2;8107898690947763058;4040509988492387426;3
2;8107898690947763058;3894706280449257667;1
2;8107898690947763058;1657665165780983454;3
2;8107898690947763058;819652267660746406;3
2;8107898690947763058;6641579232767647477;2
2;8107898690947763058;5215637234721378381;1
2;8107898690947763058;4950786435639807238;1
2;8107898690947763058;2958115939110601639;3
2;8107898690947763058;2678811684662146235;1
2;8107898690947763058;4413822679491157923;2
2;8107898690947763058;2110875768038469912;1
2;8107898690947763058;5691135100585682448;1
2;8107898690947763058;8864925188279236638;1
2;8107898690947763058;4240185897530825786;3
2;8107898690947763058;4971325293581283782;1
2;8107898690947763058;5677318587127346173;2
2;8107898690947763058;2120799115839400862;2
2;8107898690947763058;1155871899594394627;1
2;8107898690947763058;8988637221428669939;1
2;8107898690947763058;7196360456326107781;3
2;8107898690947763058;1201594281387648185;3
2;8107898690947763058;1085687032950723886;1
2;8107898690947763058;1532487856615257223;1
2;8107898690947763058;4976804173352834852;2
2;8107898690947763058;2804507621844128621;2
2;8107898690947763058;3009890673712227472;2
2;8107898690947763058;8352471677482341950;3
2;8107898690947763058;3965996009832298069;3
2;8107898690947763058;5645002264939911240;2
2;8107898690947763058;6729461696174282543;1
2;8107898690947763058;6302511835575765427;2
2;8107898690947763058;6140372732119068315;1
2;903417815957180112;347520348779130794;2
2;903417815957180112;3835536973828145451;4
2;903417815957180112;3887105201496752751;2
2;903417815957180112;9044725212433043997;3
2;903417815957180112;8275181357437864705;2
2;903417815957180112;1860061817666925715;2
2;903417815957180112;6719658691829190571;2
2;903417815957180112;4872583472354874832;4
2;903417815957180112;5529506438344915116;1
2;903417815957180112;5600461029645435035;1
2;903417815957180112;5852154530988519815;1
2;903417815957180112;4097223800359795077;1
2;903417815957180112;5474460683042756805;2
2;903417815957180112;7208566483193826646;1
2;903417815957180112;5095470288472512385;1
2;903417815957180112;2777480352243393897;3
2;903417815957180112;6404300001043393359;1
2;903417815957180112;26379855007166517;1
2;903417815957180112;6416577388566874702;1
2;903417815957180112;959317400596387314;2
2;903417815957180112;4040509988492387426;4
2;903417815957180112;3894706280449257667;1
2;903417815957180112;1657665165780983454;4
2;903417815957180112;819652267660746406;4
2;903417815957180112;6641579232767647477;3
2;903417815957180112;5120165716026667928;1
2;903417815957180112;5215637234721378381;1
2;903417815957180112;1085359296765146304;1
2;903417815957180112;4950786435639807238;2
2;903417815957180112;2958115939110601639;3
2;903417815957180112;2678811684662146235;1
2;903417815957180112;4413822679491157923;3
2;903417815957180112;2110875768038469912;1
2;903417815957180112;5691135100585682448;1
2;903417815957180112;8864925188279236638;2
2;903417815957180112;4240185897530825786;4
2;903417815957180112;273773558676642674;1
2;903417815957180112;4971325293581283782;2
2;903417815957180112;5677318587127346173;3
2;903417815957180112;2120799115839400862;3
2;903417815957180112;1155871899594394627;1
2;903417815957180112;8988637221428669939;2
2;903417815957180112;7196360456326107781;4
2;903417815957180112;1201594281387648185;4
2;903417815957180112;1085687032950723886;1
2;903417815957180112;3278510150933226765;1
2;903417815957180112;1532487856615257223;1
2;903417815957180112;4976804173352834852;3
2;903417815957180112;2804507621844128621;2
2;903417815957180112;3009890673712227472;2
2;903417815957180112;8352471677482341950;4
2;903417815957180112;3965996009832298069;4
2;903417815957180112;5645002264939911240;2
2;903417815957180112;6729461696174282543;1
2;903417815957180112;6302511835575765427;2
2;903417815957180112;6140372732119068315;1
3;903417815957180112;347520348779130794;2
3;903417815957180112;3835536973828145451;4
3;903417815957180112;3887105201496752751;2
3;903417815957180112;9044725212433043997;3
3;903417815957180112;8275181357437864705;2
3;903417815957180112;1860061817666925715;3
3;903417815957180112;6719658691829190571;2
3;903417815957180112;4872583472354874832;5
3;903417815957180112;5529506438344915116;1
3;903417815957180112;5600461029645435035;1
3;903417815957180112;5852154530988519815;2
3;903417815957180112;4097223800359795077;1
3;903417815957180112;5474460683042756805;2
3;903417815957180112;7208566483193826646;1
3;903417815957180112;5095470288472512385;1
3;903417815957180112;2777480352243393897;3
3;903417815957180112;6404300001043393359;1
3;903417815957180112;26379855007166517;1
3;903417815957180112;6416577388566874702;2
3;903417815957180112;959317400596387314;2
3;903417815957180112;4040509988492387426;4
3;903417815957180112;3894706280449257667;2
3;903417815957180112;1657665165780983454;4
3;903417815957180112;819652267660746406;4
3;903417815957180112;6641579232767647477;3
3;903417815957180112;7538453731331109842;1
3;903417815957180112;5120165716026667928;1
3;903417815957180112;5215637234721378381;2
3;903417815957180112;1085359296765146304;1
3;903417815957180112;4950786435639807238;2
3;903417815957180112;6705165274451860504;1
3;903417815957180112;2958115939110601639;4
3;903417815957180112;2678811684662146235;2
3;903417815957180112;4413822679491157923;3
3;903417815957180112;2110875768038469912;1
3;903417815957180112;5691135100585682448;1
3;903417815957180112;8864925188279236638;2
3;903417815957180112;4240185897530825786;5
3;903417815957180112;273773558676642674;1
3;903417815957180112;4971325293581283782;2
3;903417815957180112;1962963430662589558;1
3;903417815957180112;5677318587127346173;3
3;903417815957180112;2120799115839400862;3
3;903417815957180112;1155871899594394627;1
3;903417815957180112;8988637221428669939;2
3;903417815957180112;7196360456326107781;5
3;903417815957180112;1201594281387648185;4
3;903417815957180112;1085687032950723886;2
3;903417815957180112;3278510150933226765;1
3;903417815957180112;1532487856615257223;1
3;903417815957180112;4976804173352834852;3
3;903417815957180112;2804507621844128621;3
3;903417815957180112;3009890673712227472;3
3;903417815957180112;8352471677482341950;5
3;903417815957180112;3965996009832298069;4
3;903417815957180112;5645002264939911240;2
3;903417815957180112;6729461696174282543;1
3;903417815957180112;6302511835575765427;3
3;903417815957180112;6140372732119068315;1
4;903417815957180112;347520348779130794;2
4;903417815957180112;3835536973828145451;4
4;903417815957180112;3887105201496752751;2
4;903417815957180112;9044725212433043997;3
4;903417815957180112;8275181357437864705;2
4;903417815957180112;1860061817666925715;2
4;903417815957180112;6719658691829190571;2
4;903417815957180112;4872583472354874832;5
4;903417815957180112;5529506438344915116;1
4;903417815957180112;5600461029645435035;1
4;903417815957180112;5852154530988519815;2
4;903417815957180112;4097223800359795077;1
4;903417815957180112;5474460683042756805;2
4;903417815957180112;7208566483193826646;1
4;903417815957180112;5095470288472512385;1
4;903417815957180112;2777480352243393897;3
4;903417815957180112;6404300001043393359;1
4;903417815957180112;26379855007166517;1
4;903417815957180112;6416577388566874702;2
4;903417815957180112;959317400596387314;2
4;903417815957180112;4040509988492387426;4
4;903417815957180112;3894706280449257667;2
4;903417815957180112;1657665165780983454;4
4;903417815957180112;819652267660746406;4
4;903417815957180112;6641579232767647477;3
4;903417815957180112;7538453731331109842;1
4;903417815957180112;5120165716026667928;1
4;903417815957180112;5215637234721378381;2
4;903417815957180112;1085359296765146304;1
4;903417815957180112;4950786435639807238;2
4;903417815957180112;6705165274451860504;1
4;903417815957180112;2958115939110601639;4
4;903417815957180112;2678811684662146235;2
4;903417815957180112;4413822679491157923;3
4;903417815957180112;2110875768038469912;1
4;903417815957180112;5691135100585682448;1
4;903417815957180112;8864925188279236638;2
4;903417815957180112;4240185897530825786;5
4;903417815957180112;273773558676642674;1
4;903417815957180112;4971325293581283782;2
4;903417815957180112;1962963430662589558;1
4;903417815957180112;5677318587127346173;3
4;903417815957180112;2120799115839400862;3
4;903417815957180112;1155871899594394627;1
4;903417815957180112;8988637221428669939;2
4;903417815957180112;7196360456326107781;5
4;903417815957180112;1201594281387648185;4
4;903417815957180112;1085687032950723886;1
4;903417815957180112;3278510150933226765;1
4;903417815957180112;1532487856615257223;1
4;903417815957180112;4976804173352834852;3
4;903417815957180112;2804507621844128621;3
4;903417815957180112;3009890673712227472;3
4;903417815957180112;8352471677482341950;5
4;903417815957180112;3965996009832298069;4
4;903417815957180112;5645002264939911240;2
4;903417815957180112;6729461696174282543;1
4;903417815957180112;6302511835575765427;3
4;903417815957180112;6140372732119068315;1
